sample	chr	pos	ref	alt
PGM45	chr1	6204109	G	A
PGM45	chr1	22033009	G	A
PGM45	chr1	39991417	G	A
PGM45	chr1	42050059	C	T
PGM45	chr1	46661540	G	A
PGM45	chr1	62740559	A	C
PGM45	chr1	62971474	G	A
PGM45	chr1	74715195	C	T
PGM45	chr1	102302583	T	C
PGM45	chr1	116202311	G	T
PGM45	chr1	150432593	C	A
PGM45	chr1	158532844	A	C
PGM45	chr1	164761818	C	T
PGM45	chr1	170934367	A	G
PGM45	chr1	207753868	A	G
PGM45	chr1	214625198	T	G
PGM45	chr1	224492757	C	A
PGM45	chr1	240370834	C	T
PGM45	chr2	33045905	C	T
PGM45	chr2	116539942	G	T
PGM45	chr2	152222622	C	G
PGM45	chr2	179544112	T	G
PGM45	chr2	179647588	G	A
PGM45	chr2	196825658	A	C
PGM45	chr3	14190363	C	G
PGM45	chr3	58728271	G	A
PGM45	chr3	98568335	A	C
PGM45	chr3	105264114	G	C
PGM45	chr3	121649720	C	A
PGM45	chr3	180327419	C	A
PGM45	chr4	10515105	T	C
PGM45	chr4	155241909	A	G
PGM45	chr4	189012742	A	C
PGM45	chr5	26903855	A	T
PGM45	chr5	74651020	G	C
PGM45	chr5	112179674	G	A
PGM45	chr5	140250886	C	T
PGM45	chr5	140800815	C	T
PGM45	chr5	154394577	A	G
PGM45	chr5	178505774	C	T
PGM45	chr6	34825968	C	T
PGM45	chr6	107391506	G	A
PGM45	chr6	121615725	T	A
PGM45	chr6	132945410	G	A
PGM45	chr7	22999993	C	A
PGM45	chr7	77708328	G	A
PGM45	chr7	82586131	G	A
PGM45	chr7	87795231	G	A
PGM45	chr7	97866131	C	A
PGM45	chr7	130040585	G	A
PGM45	chr7	148801146	C	A
PGM45	chr7	148801147	C	A
PGM45	chr8	11418856	C	T
PGM45	chr8	113243861	C	A
PGM45	chr8	124266775	T	A
PGM45	chr9	6012886	A	G
PGM45	chr9	114695206	A	G
PGM45	chr9	132720817	G	A
PGM45	chr9	135942048	G	A
PGM45	chr10	8115926	G	A
PGM45	chr10	49667809	G	A
PGM45	chr10	67829249	T	G
PGM45	chr10	76803637	G	A
PGM45	chr10	88419688	C	T
PGM45	chr10	104594719	C	A
PGM45	chr10	122348911	A	T
PGM45	chr11	292632	C	T
PGM45	chr11	5068389	C	G
PGM45	chr11	55587542	T	G
PGM45	chr11	58920170	G	A
PGM45	chr11	60201387	C	G
PGM45	chr11	93822051	C	T
PGM45	chr11	118625451	G	A
PGM45	chr11	123597665	C	T
PGM45	chr11	134113095	A	T
PGM45	chr12	6167193	G	A
PGM45	chr12	52369229	G	A
PGM45	chr12	81593149	G	T
PGM45	chr12	117768367	C	T
PGM45	chr13	28840879	A	G
PGM45	chr13	88329749	C	G
PGM45	chr13	94680064	C	G
PGM45	chr13	101753135	C	G
PGM45	chr14	62551077	G	A
PGM45	chr15	24921872	G	A
PGM45	chr15	27114465	T	A
PGM45	chr15	42877753	G	T
PGM45	chr15	50273413	A	T
PGM45	chr15	54542583	A	G
PGM45	chr15	72172795	T	G
PGM45	chr15	90167626	C	T
PGM45	chr16	450259	C	T
PGM45	chr16	67322095	C	T
PGM45	chr17	26950909	G	A
PGM45	chr17	37922259	G	A
PGM45	chr17	38556297	C	T
PGM45	chr17	40169432	C	T
PGM45	chr17	42338184	C	T
PGM45	chr17	47119620	C	A
PGM45	chr18	2891634	C	T
PGM45	chr18	5956290	T	A
PGM45	chr18	6894871	C	A
PGM45	chr18	13113667	A	T
PGM45	chr18	72997839	A	C
PGM45	chr19	805513	C	G
PGM45	chr19	7573301	C	T
PGM45	chr19	12060784	G	T
PGM45	chr19	31769991	C	T
PGM45	chr19	35225947	C	T
PGM45	chr19	38056663	A	G
PGM45	chr19	39207822	G	A
PGM45	chr19	44933955	G	A
PGM45	chr19	49464347	G	A
PGM45	chr20	13463981	C	A
PGM45	chr20	25028816	G	C
PGM45	chr21	22664507	A	G
PGM45	chr22	28559451	A	G
PGM45	chr22	30985243	C	T
PGM45	chrX	44397733	C	A
PGM25	chr1	33099671	A	T
PGM25	chr1	41215340	C	T
PGM25	chr1	85486834	G	C
PGM25	chr1	154956278	C	T
PGM25	chr1	161130941	A	G
PGM25	chr1	162729686	G	A
PGM25	chr1	216246438	C	G
PGM25	chr1	223567656	C	T
PGM25	chr2	24118737	C	G
PGM25	chr2	40657194	G	C
PGM25	chr2	70162536	G	C
PGM25	chr2	121708956	G	A
PGM25	chr2	152541373	C	A
PGM25	chr2	176958316	C	T
PGM25	chr2	191827592	T	G
PGM25	chr2	197767452	C	T
PGM25	chr2	228884460	G	C
PGM25	chr2	231927222	A	T
PGM25	chr3	113955568	C	T
PGM25	chr3	133495945	G	A
PGM25	chr3	148904439	C	T
PGM25	chr3	152554622	C	A
PGM25	chr3	187447550	C	A
PGM25	chr4	84227430	C	A
PGM25	chr4	125592412	C	T
PGM25	chr4	155157962	G	T
PGM25	chr5	33937953	G	A
PGM25	chr5	36985925	A	G
PGM25	chr5	112175639	C	T
PGM25	chr6	39513402	C	T
PGM25	chr6	144613012	C	A
PGM25	chr7	86526949	C	A
PGM25	chr7	88963120	T	G
PGM25	chr7	121624099	C	T
PGM25	chr7	138566200	G	A
PGM25	chr7	150440011	G	T
PGM25	chr7	158557501	C	T
PGM25	chr8	94934367	G	T
PGM25	chr8	113402941	A	T
PGM25	chr8	142476639	G	A
PGM25	chr8	142487924	G	T
PGM25	chr8	144892660	G	T
PGM25	chr9	26907973	T	G
PGM25	chr9	132623865	C	G
PGM25	chr9	140850231	G	A
PGM25	chr10	13378324	G	C
PGM25	chr10	27702970	C	T
PGM25	chr10	108431007	G	T
PGM25	chr11	6898318	C	T
PGM25	chr11	68115703	C	T
PGM25	chr12	5154729	G	C
PGM25	chr12	54971035	G	A
PGM25	chr12	108686417	C	G
PGM25	chr13	19752399	C	T
PGM25	chr13	23905345	T	C
PGM25	chr14	24648876	G	A
PGM25	chr14	31771634	C	T
PGM25	chr14	51344772	A	G
PGM25	chr14	56114782	A	G
PGM25	chr15	40949606	G	C
PGM25	chr16	20996485	C	T
PGM25	chr16	31073440	T	C
PGM25	chr16	31477417	G	A
PGM25	chr17	7578550	G	A
PGM25	chr17	66267635	C	T
PGM25	chr18	6889994	C	A
PGM25	chr18	19153997	C	T
PGM25	chr19	327194	G	A
PGM25	chr19	375835	C	T
PGM25	chr19	5770983	C	A
PGM25	chr19	8587380	C	T
PGM25	chr19	37310904	A	G
PGM25	chr19	47425372	G	A
PGM25	chr19	50961933	C	T
PGM25	chr19	52887802	T	G
PGM25	chr20	13509100	G	A
PGM25	chr20	44697186	C	G
PGM25	chr21	47678958	T	C
PGM25	chrX	34150390	C	T
PGM25	chrX	122820464	A	T
PGM53	chr1	981184	C	T
PGM53	chr1	33235485	G	C
PGM53	chr1	36074972	T	C
PGM53	chr1	43218252	C	T
PGM53	chr1	53995512	G	A
PGM53	chr1	99771415	A	G
PGM53	chr1	103379194	G	A
PGM53	chr1	110883608	C	T
PGM53	chr1	150048346	T	G
PGM53	chr1	150444680	G	C
PGM53	chr1	154987436	C	T
PGM53	chr1	156046434	G	A
PGM53	chr1	159176032	C	G
PGM53	chr1	160969996	G	A
PGM53	chr1	175097203	G	A
PGM53	chr1	177901874	G	A
PGM53	chr1	179587777	G	C
PGM53	chr1	214557219	G	A
PGM53	chr1	231411159	C	G
PGM53	chr2	11907938	G	T
PGM53	chr2	32289234	G	T
PGM53	chr2	37232902	C	A
PGM53	chr2	50149121	G	T
PGM53	chr2	71187160	C	T
PGM53	chr2	95815580	G	C
PGM53	chr2	99294911	C	T
PGM53	chr2	122493298	C	G
PGM53	chr2	170097519	T	C
PGM53	chr2	228175591	A	T
PGM53	chr2	231331876	G	T
PGM53	chr2	242051732	G	C
PGM53	chr3	50329758	T	C
PGM53	chr3	113765484	C	G
PGM53	chr3	178916890	C	T
PGM53	chr4	79507429	G	A
PGM53	chr4	96256618	T	C
PGM53	chr4	106599079	G	T
PGM53	chr4	126241556	T	C
PGM53	chr4	151770085	C	G
PGM53	chr5	7626390	C	G
PGM53	chr5	54637538	C	T
PGM53	chr5	86564729	A	G
PGM53	chr5	110819924	G	C
PGM53	chr5	135272452	C	T
PGM53	chr5	140230060	G	A
PGM53	chr5	140811040	C	T
PGM53	chr5	150667947	C	G
PGM53	chr5	153085382	G	A
PGM53	chr5	169805840	G	C
PGM53	chr5	170668018	C	G
PGM53	chr5	178139172	C	G
PGM53	chr6	25670230	T	G
PGM53	chr6	27279838	C	G
PGM53	chr6	42946132	C	G
PGM53	chr6	43474982	C	T
PGM53	chr6	55264202	A	G
PGM53	chr6	86329061	A	C
PGM53	chr6	86333697	G	A
PGM53	chr6	88854116	G	A
PGM53	chr6	94068091	G	T
PGM53	chr6	118812892	C	A
PGM53	chr6	121434216	G	T
PGM53	chr6	137322726	T	A
PGM53	chr6	139106481	C	T
PGM53	chr6	161510437	T	G
PGM53	chr7	2594008	T	A
PGM53	chr7	5336794	G	A
PGM53	chr7	21599262	C	G
PGM53	chr7	30673357	G	A
PGM53	chr7	82578875	G	A
PGM53	chr7	94540707	G	A
PGM53	chr7	99434156	T	G
PGM53	chr7	129847851	C	A
PGM53	chr7	130023635	G	A
PGM53	chr7	150761670	A	T
PGM53	chr8	17927366	G	C
PGM53	chr8	92998437	G	A
PGM53	chr8	139825221	G	A
PGM53	chr8	145541600	G	A
PGM53	chr9	4544662	C	G
PGM53	chr9	8528724	C	G
PGM53	chr9	14792747	C	T
PGM53	chr9	32633448	C	T
PGM53	chr9	73233921	C	T
PGM53	chr9	79318302	C	T
PGM53	chr9	98238358	G	A
PGM53	chr9	109688384	G	A
PGM53	chr9	124074718	C	A
PGM53	chr9	125752447	C	G
PGM53	chr9	132988685	G	A
PGM53	chr10	79572126	C	T
PGM53	chr10	103342611	G	A
PGM53	chr10	106982948	G	A
PGM53	chr10	115413827	C	G
PGM53	chr10	134598590	C	T
PGM53	chr11	2943367	C	T
PGM53	chr11	6943214	C	T
PGM53	chr11	46408021	C	T
PGM53	chr11	56185049	A	G
PGM53	chr11	58207028	A	C
PGM53	chr11	74546606	C	G
PGM53	chr11	126306736	C	T
PGM53	chr11	132081990	G	T
PGM53	chr11	133801360	G	A
PGM53	chr12	6702279	C	T
PGM53	chr12	7522038	A	G
PGM53	chr12	20523043	G	A
PGM53	chr12	21954052	C	G
PGM53	chr12	28116380	C	T
PGM53	chr12	29644090	C	T
PGM53	chr12	41966994	G	A
PGM53	chr12	50188792	G	A
PGM53	chr12	50384127	C	G
PGM53	chr12	53421943	C	G
PGM53	chr12	55846582	G	A
PGM53	chr12	76447690	C	G
PGM53	chr12	89985014	G	C
PGM53	chr12	132496095	G	A
PGM53	chr12	133197642	C	T
PGM53	chr13	40268798	G	A
PGM53	chr13	58207880	C	T
PGM53	chr13	76381855	G	A
PGM53	chr13	77742607	C	G
PGM53	chr13	79175563	G	C
PGM53	chr14	20897453	G	A
PGM53	chr14	47426811	G	A
PGM53	chr14	58605174	G	A
PGM53	chr14	76905979	C	T
PGM53	chr15	34551076	G	C
PGM53	chr15	41346153	C	G
PGM53	chr15	70959857	C	T
PGM53	chr16	830627	G	A
PGM53	chr16	2868781	G	A
PGM53	chr16	3350300	A	G
PGM53	chr16	20793095	G	C
PGM53	chr16	26147137	G	T
PGM53	chr16	55893521	A	G
PGM53	chr17	7578475	G	C
PGM53	chr17	7710831	G	C
PGM53	chr17	11648281	G	T
PGM53	chr17	18872466	C	T
PGM53	chr17	19861467	T	A
PGM53	chr17	26902503	C	A
PGM53	chr17	40362471	G	A
PGM53	chr17	45507310	G	C
PGM53	chr17	72916653	C	T
PGM53	chr17	74276434	C	G
PGM53	chr18	32345948	C	T
PGM53	chr18	48581157	C	A
PGM53	chr18	58039127	G	A
PGM53	chr18	58039128	A	G
PGM53	chr18	76754852	C	T
PGM53	chr19	1783116	T	G
PGM53	chr19	8491500	C	T
PGM53	chr19	8491505	C	T
PGM53	chr19	10419058	C	A
PGM53	chr19	12814323	G	C
PGM53	chr19	14070013	C	T
PGM53	chr19	17683326	C	T
PGM53	chr19	36168767	G	A
PGM53	chr19	37383306	A	C
PGM53	chr19	52919443	T	G
PGM53	chr20	13695584	C	T
PGM53	chr20	16719545	C	A
PGM53	chr20	35559205	C	T
PGM53	chr20	37353745	C	G
PGM53	chr20	45004396	C	G
PGM53	chr20	62038610	G	A
PGM53	chr21	34926167	G	C
PGM53	chr22	24560507	T	C
PGM53	chr22	42274019	C	T
PGM53	chr22	46134661	G	C
PGM53	chrX	18622657	C	T
PGM53	chrX	63557186	G	T
PGM7	chr1	24411061	C	T
PGM7	chr1	63284760	C	T
PGM7	chr1	103478005	A	C
PGM7	chr1	157490926	G	T
PGM7	chr1	158653287	C	T
PGM7	chr1	158687131	A	G
PGM7	chr1	190203545	A	C
PGM7	chr1	229773136	G	A
PGM7	chr2	27324451	T	G
PGM7	chr2	116447419	A	C
PGM7	chr2	144314036	A	C
PGM7	chr2	152107696	A	G
PGM7	chr2	182542759	G	A
PGM7	chr2	216279641	C	T
PGM7	chr3	49866911	G	A
PGM7	chr3	64132888	A	C
PGM7	chr3	111688580	T	A
PGM7	chr3	111688586	T	C
PGM7	chr3	142735201	A	G
PGM7	chr3	145799540	A	T
PGM7	chr3	183774067	G	T
PGM7	chr3	190165578	C	T
PGM7	chr3	193207616	A	G
PGM7	chr4	155872	T	G
PGM7	chr4	77700212	C	A
PGM7	chr4	94031930	A	C
PGM7	chr4	125592417	T	A
PGM7	chr4	138442397	G	T
PGM7	chr4	162421252	A	T
PGM7	chr4	177052846	T	G
PGM7	chr5	79734627	T	A
PGM7	chr5	89925120	C	T
PGM7	chr5	140167900	G	A
PGM7	chr5	140755177	C	T
PGM7	chr6	40400288	C	T
PGM7	chr6	42690068	G	A
PGM7	chr6	90090013	T	G
PGM7	chr6	97246719	G	A
PGM7	chr6	110942317	G	A
PGM7	chr6	165715376	A	G
PGM7	chr7	18767227	C	T
PGM7	chr7	21827191	A	C
PGM7	chr7	28996158	G	C
PGM7	chr7	44560389	G	A
PGM7	chr7	44796066	C	T
PGM7	chr7	87537181	A	G
PGM7	chr7	95439751	G	C
PGM7	chr7	100345185	A	G
PGM7	chr7	103322673	G	T
PGM7	chr7	119915495	T	C
PGM7	chr7	140301556	G	A
PGM7	chr7	142997367	T	C
PGM7	chr8	54142077	G	A
PGM7	chr8	99102172	G	A
PGM7	chr8	101206417	G	A
PGM7	chr8	114111052	T	G
PGM7	chr8	116599655	C	A
PGM7	chr8	124357269	T	C
PGM7	chr9	8465611	G	A
PGM7	chr10	49998855	T	G
PGM7	chr10	73047426	C	T
PGM7	chr10	105046846	C	T
PGM7	chr11	36248773	G	A
PGM7	chr11	73101860	G	A
PGM7	chr11	77404631	C	G
PGM7	chr11	78423679	C	T
PGM7	chr11	94862514	G	A
PGM7	chr11	103052557	A	G
PGM7	chr12	96350668	T	A
PGM7	chr12	108134962	T	A
PGM7	chr12	133266960	C	T
PGM7	chr13	109672108	G	T
PGM7	chr14	50218437	A	C
PGM7	chr14	64516384	C	G
PGM7	chr14	89629078	G	A
PGM7	chr16	3778499	C	T
PGM7	chr16	12758773	G	A
PGM7	chr17	3446924	T	G
PGM7	chr17	7578199	A	C
PGM7	chr17	18059601	C	T
PGM7	chr17	19232160	G	A
PGM7	chr18	13071187	G	A
PGM7	chr18	77134003	C	T
PGM7	chr19	35790499	C	T
PGM7	chr19	57037044	T	G
PGM7	chr20	17716450	C	T
PGM7	chr20	61453144	C	T
PGM7	chr22	26773714	G	A
PGM7	chrX	20213198	C	T
PGM7	chrX	85211349	C	A
PGM7	chrX	99854688	G	A
PGM65	chr1	1179872	G	T
PGM65	chr1	1887135	G	A
PGM65	chr1	2520040	G	A
PGM65	chr1	3673329	G	A
PGM65	chr1	6169969	C	T
PGM65	chr1	7863909	G	A
PGM65	chr1	10719875	G	A
PGM65	chr1	11907270	G	A
PGM65	chr1	13936954	G	A
PGM65	chr1	14109241	C	T
PGM65	chr1	15987994	C	A
PGM65	chr1	16065173	G	A
PGM65	chr1	21083669	C	A
PGM65	chr1	27101099	C	T
PGM65	chr1	27721193	C	T
PGM65	chr1	29528476	G	A
PGM65	chr1	33478847	C	T
PGM65	chr1	33625439	G	A
PGM65	chr1	33795724	C	T
PGM65	chr1	36521341	G	A
PGM65	chr1	42656986	A	G
PGM65	chr1	43896286	G	A
PGM65	chr1	44474195	G	A
PGM65	chr1	52912261	C	T
PGM65	chr1	53245533	G	A
PGM65	chr1	55600032	G	A
PGM65	chr1	65234399	C	T
PGM65	chr1	70505093	G	A
PGM65	chr1	75684294	G	A
PGM65	chr1	78426037	C	T
PGM65	chr1	86249205	C	A
PGM65	chr1	87570296	C	A
PGM65	chr1	101705495	C	T
PGM65	chr1	109363231	G	A
PGM65	chr1	110294736	G	A
PGM65	chr1	110596337	G	A
PGM65	chr1	111490712	C	A
PGM65	chr1	113057637	G	A
PGM65	chr1	114442738	C	T
PGM65	chr1	114453945	G	A
PGM65	chr1	115142883	G	A
PGM65	chr1	116380676	C	T
PGM65	chr1	145522606	G	A
PGM65	chr1	147380346	G	A
PGM65	chr1	150252113	G	A
PGM65	chr1	150444738	C	T
PGM65	chr1	150476849	T	A
PGM65	chr1	150936781	G	T
PGM65	chr1	150936829	C	T
PGM65	chr1	150960815	C	T
PGM65	chr1	151773860	G	T
PGM65	chr1	153713177	G	A
PGM65	chr1	154247666	C	T
PGM65	chr1	154543938	C	T
PGM65	chr1	156876098	G	A
PGM65	chr1	158262062	G	A
PGM65	chr1	160305051	C	T
PGM65	chr1	161953860	C	T
PGM65	chr1	165414094	C	T
PGM65	chr1	171168557	G	A
PGM65	chr1	171250010	G	A
PGM65	chr1	171509637	C	A
PGM65	chr1	172356397	C	T
PGM65	chr1	179041220	G	A
PGM65	chr1	180885723	G	A
PGM65	chr1	180905296	G	A
PGM65	chr1	181686273	G	A
PGM65	chr1	181727217	C	T
PGM65	chr1	181750616	C	T
PGM65	chr1	182357864	G	T
PGM65	chr1	186037098	G	A
PGM65	chr1	201781671	A	G
PGM65	chr1	202288263	G	A
PGM65	chr1	203054836	G	A
PGM65	chr1	203668776	C	T
PGM65	chr1	203696609	C	T
PGM65	chr1	205888048	C	T
PGM65	chr1	206320233	A	G
PGM65	chr1	206634404	C	T
PGM65	chr1	210017023	G	A
PGM65	chr1	215793638	G	A
PGM65	chr1	215933038	T	C
PGM65	chr1	220366658	C	A
PGM65	chr1	223284287	T	C
PGM65	chr1	223983944	G	A
PGM65	chr1	228109464	G	A
PGM65	chr1	229588332	C	A
PGM65	chr1	230846566	C	T
PGM65	chr1	232615461	G	A
PGM65	chr1	241798432	T	C
PGM65	chr1	248685647	C	T
PGM65	chr1	249119003	A	G
PGM65	chr1	249142590	A	G
PGM65	chr2	1670044	C	T
PGM65	chr2	8940590	A	G
PGM65	chr2	9514957	G	A
PGM65	chr2	9621492	G	A
PGM65	chr2	18765359	C	T
PGM65	chr2	27315236	G	A
PGM65	chr2	27355753	G	A
PGM65	chr2	27599497	C	T
PGM65	chr2	27600699	T	C
PGM65	chr2	29011641	G	A
PGM65	chr2	29092609	G	T
PGM65	chr2	29455255	G	A
PGM65	chr2	29754890	C	T
PGM65	chr2	31560589	T	C
PGM65	chr2	44102444	G	A
PGM65	chr2	44528205	G	A
PGM65	chr2	44531324	C	T
PGM65	chr2	46607770	C	T
PGM65	chr2	48915427	G	A
PGM65	chr2	49216189	T	C
PGM65	chr2	55816023	G	A
PGM65	chr2	60688091	C	T
PGM65	chr2	61275719	G	A
PGM65	chr2	61463014	G	A
PGM65	chr2	63631396	G	T
PGM65	chr2	64322198	C	T
PGM65	chr2	71170836	G	A
PGM65	chr2	72406544	T	C
PGM65	chr2	74689698	G	A
PGM65	chr2	85598245	G	A
PGM65	chr2	86998734	C	A
PGM65	chr2	96798327	C	T
PGM65	chr2	96993483	C	T
PGM65	chr2	97217860	C	T
PGM65	chr2	98351791	G	A
PGM65	chr2	99156108	T	C
PGM65	chr2	103299753	C	T
PGM65	chr2	103335424	G	A
PGM65	chr2	125622964	G	T
PGM65	chr2	128707511	C	T
PGM65	chr2	135711547	C	T
PGM65	chr2	135743488	T	C
PGM65	chr2	142567878	G	A
PGM65	chr2	150061766	G	T
PGM65	chr2	159481547	G	A
PGM65	chr2	164466530	C	T
PGM65	chr2	166170586	G	A
PGM65	chr2	170025080	G	A
PGM65	chr2	172411084	C	T
PGM65	chr2	178988584	T	C
PGM65	chr2	179170925	A	G
PGM65	chr2	179398780	C	T
PGM65	chr2	179444665	C	T
PGM65	chr2	179453681	G	A
PGM65	chr2	179453696	A	G
PGM65	chr2	179567366	C	T
PGM65	chr2	183387047	A	G
PGM65	chr2	186653999	G	A
PGM65	chr2	186665429	A	G
PGM65	chr2	197565893	G	A
PGM65	chr2	198949130	C	T
PGM65	chr2	201997835	G	A
PGM65	chr2	203684516	G	A
PGM65	chr2	209045983	G	A
PGM65	chr2	209358110	G	T
PGM65	chr2	211081104	C	T
PGM65	chr2	212989596	G	A
PGM65	chr2	213872520	C	T
PGM65	chr2	217124214	C	T
PGM65	chr2	219458967	G	A
PGM65	chr2	219507007	G	A
PGM65	chr2	220409411	G	A
PGM65	chr2	220500139	G	A
PGM65	chr2	224463150	C	T
PGM65	chr2	230723678	C	T
PGM65	chr2	238249316	G	A
PGM65	chr2	239162318	G	A
PGM65	chr2	240003837	G	A
PGM65	chr2	241463559	C	T
PGM65	chr2	242076556	C	T
PGM65	chr3	3215895	G	A
PGM65	chr3	8981263	C	T
PGM65	chr3	9068636	C	T
PGM65	chr3	10347362	G	A
PGM65	chr3	12977583	C	T
PGM65	chr3	26751645	C	T
PGM65	chr3	30715721	G	A
PGM65	chr3	36778961	T	C
PGM65	chr3	38639379	C	T
PGM65	chr3	39186592	G	A
PGM65	chr3	39226436	C	T
PGM65	chr3	41267003	G	A
PGM65	chr3	42251375	G	A
PGM65	chr3	43121626	C	T
PGM65	chr3	45764447	C	T
PGM65	chr3	47454286	C	T
PGM65	chr3	47888300	C	T
PGM65	chr3	48587583	C	T
PGM65	chr3	48658333	C	T
PGM65	chr3	48693244	C	T
PGM65	chr3	48697393	C	T
PGM65	chr3	49062403	C	T
PGM65	chr3	49836462	C	T
PGM65	chr3	50308815	G	A
PGM65	chr3	51897231	C	T
PGM65	chr3	52427417	C	T
PGM65	chr3	52505976	C	T
PGM65	chr3	52518540	G	A
PGM65	chr3	53769405	C	T
PGM65	chr3	54604065	C	T
PGM65	chr3	62355829	G	A
PGM65	chr3	63996607	G	A
PGM65	chr3	63999232	C	T
PGM65	chr3	64672588	C	T
PGM65	chr3	65376929	G	A
PGM65	chr3	74413713	A	G
PGM65	chr3	77572046	C	T
PGM65	chr3	81548278	G	A
PGM65	chr3	108572601	C	T
PGM65	chr3	112324433	G	A
PGM65	chr3	119306673	C	T
PGM65	chr3	121100262	A	G
PGM65	chr3	122002834	G	A
PGM65	chr3	123010005	G	A
PGM65	chr3	128292461	G	T
PGM65	chr3	128979229	C	T
PGM65	chr3	129290108	C	T
PGM65	chr3	130287283	C	T
PGM65	chr3	130346162	G	T
PGM65	chr3	133698411	C	T
PGM65	chr3	136240171	C	T
PGM65	chr3	138121072	G	A
PGM65	chr3	138340259	A	G
PGM65	chr3	141161912	G	A
PGM65	chr3	142031545	C	T
PGM65	chr3	142275320	C	A
PGM65	chr3	165547361	G	A
PGM65	chr3	171431702	G	A
PGM65	chr3	172491726	C	T
PGM65	chr3	179336308	C	T
PGM65	chr3	184020234	C	T
PGM65	chr3	184038421	C	T
PGM65	chr3	184075420	C	T
PGM65	chr3	184075451	G	A
PGM65	chr3	184947239	T	C
PGM65	chr3	189585638	C	T
PGM65	chr3	194118789	C	T
PGM65	chr3	195938172	C	T
PGM65	chr4	1817511	G	A
PGM65	chr4	3214329	C	T
PGM65	chr4	3769441	C	T
PGM65	chr4	5798820	G	T
PGM65	chr4	5843146	C	T
PGM65	chr4	6349718	C	T
PGM65	chr4	6863124	G	A
PGM65	chr4	7056126	G	A
PGM65	chr4	7056517	C	T
PGM65	chr4	7844953	G	A
PGM65	chr4	15054157	C	T
PGM65	chr4	23814438	G	A
PGM65	chr4	23815731	G	A
PGM65	chr4	25419270	G	A
PGM65	chr4	31144286	G	A
PGM65	chr4	40144449	A	G
PGM65	chr4	47514669	C	T
PGM65	chr4	55138618	C	T
PGM65	chr4	55561767	G	A
PGM65	chr4	55564489	G	A
PGM65	chr4	57883806	C	T
PGM65	chr4	71232484	C	T
PGM65	chr4	73149216	C	T
PGM65	chr4	76813063	G	A
PGM65	chr4	77290673	C	T
PGM65	chr4	77675773	G	A
PGM65	chr4	79800029	T	C
PGM65	chr4	81123234	C	T
PGM65	chr4	95506742	G	A
PGM65	chr4	104510947	C	T
PGM65	chr4	108816768	C	A
PGM65	chr4	109088897	G	A
PGM65	chr4	111119475	A	G
PGM65	chr4	114161677	G	A
PGM65	chr4	119064834	A	G
PGM65	chr4	123663469	T	C
PGM65	chr4	140641333	G	A
PGM65	chr4	144359596	G	A
PGM65	chr4	144467085	G	A
PGM65	chr4	144617433	G	A
PGM65	chr4	148968113	C	T
PGM65	chr4	149357930	C	T
PGM65	chr4	155156842	C	T
PGM65	chr4	156860611	A	G
PGM65	chr4	158281221	C	T
PGM65	chr4	160273947	G	C
PGM65	chr4	169190006	C	T
PGM65	chr4	177146444	C	T
PGM65	chr4	184930475	G	A
PGM65	chr4	185637688	G	A
PGM65	chr4	187510258	C	T
PGM65	chr4	187525021	G	A
PGM65	chr4	187538982	C	T
PGM65	chr4	187542293	A	G
PGM65	chr5	6750580	G	A
PGM65	chr5	7727323	C	T
PGM65	chr5	7727345	C	A
PGM65	chr5	7866980	C	T
PGM65	chr5	14291209	C	T
PGM65	chr5	16764451	A	G
PGM65	chr5	31799523	G	A
PGM65	chr5	73193874	C	T
PGM65	chr5	75884769	A	G
PGM65	chr5	79616897	G	A
PGM65	chr5	80641770	C	T
PGM65	chr5	81601254	G	A
PGM65	chr5	90021461	C	T
PGM65	chr5	106763131	C	T
PGM65	chr5	112174915	C	T
PGM65	chr5	112399822	C	T
PGM65	chr5	115320333	A	G
PGM65	chr5	115428333	C	T
PGM65	chr5	118792033	G	A
PGM65	chr5	121413267	G	A
PGM65	chr5	123984289	C	T
PGM65	chr5	127599223	C	T
PGM65	chr5	132403160	C	T
PGM65	chr5	132545897	G	A
PGM65	chr5	135692464	G	A
PGM65	chr5	137765556	A	G
PGM65	chr5	137803496	C	G
PGM65	chr5	140049164	C	T
PGM65	chr5	140175221	C	T
PGM65	chr5	140186794	G	A
PGM65	chr5	140229751	C	T
PGM65	chr5	140563086	C	T
PGM65	chr5	140594466	G	A
PGM65	chr5	140772497	G	A
PGM65	chr5	140783184	G	A
PGM65	chr5	140793453	C	T
PGM65	chr5	140811391	G	A
PGM65	chr5	145643189	T	C
PGM65	chr5	147929769	G	A
PGM65	chr5	148206468	C	T
PGM65	chr5	148407373	C	T
PGM65	chr5	149441394	G	A
PGM65	chr5	150715030	G	A
PGM65	chr5	150897274	C	T
PGM65	chr5	154395584	G	A
PGM65	chr5	156514292	C	T
PGM65	chr5	156921774	C	T
PGM65	chr5	159776738	C	T
PGM65	chr5	167855748	C	T
PGM65	chr5	169308445	G	A
PGM65	chr5	172659641	C	T
PGM65	chr5	172755188	G	A
PGM65	chr5	176317646	C	T
PGM65	chr5	178553102	G	A
PGM65	chr6	7378964	C	T
PGM65	chr6	7580242	C	T
PGM65	chr6	11105491	C	T
PGM65	chr6	13977944	C	A
PGM65	chr6	25495372	A	T
PGM65	chr6	33643525	G	A
PGM65	chr6	33652651	C	T
PGM65	chr6	34826612	C	T
PGM65	chr6	35208934	C	T
PGM65	chr6	35287358	C	T
PGM65	chr6	35391729	G	A
PGM65	chr6	35716502	G	A
PGM65	chr6	35747211	G	A
PGM65	chr6	35762985	C	T
PGM65	chr6	36104483	C	T
PGM65	chr6	36724037	G	T
PGM65	chr6	52370482	C	T
PGM65	chr6	55216354	G	A
PGM65	chr6	64421213	G	A
PGM65	chr6	65612004	A	G
PGM65	chr6	76022515	C	T
PGM65	chr6	76589540	T	C
PGM65	chr6	79726348	C	T
PGM65	chr6	82933165	C	A
PGM65	chr6	82933864	G	A
PGM65	chr6	84649802	A	G
PGM65	chr6	88854286	C	T
PGM65	chr6	89888623	G	A
PGM65	chr6	100062070	G	A
PGM65	chr6	105224961	T	C
PGM65	chr6	107365534	A	G
PGM65	chr6	110953281	G	A
PGM65	chr6	116937806	C	T
PGM65	chr6	117010567	G	A
PGM65	chr6	117127643	G	A
PGM65	chr6	127797267	A	G
PGM65	chr6	133013616	C	T
PGM65	chr6	135358714	G	A
PGM65	chr6	137245542	G	A
PGM65	chr6	138584566	G	A
PGM65	chr6	148846474	C	T
PGM65	chr6	151672588	C	T
PGM65	chr6	151865789	C	T
PGM65	chr6	152688404	G	A
PGM65	chr6	155498048	C	T
PGM65	chr6	157521975	G	A
PGM65	chr6	160499266	G	A
PGM65	chr6	161022109	G	A
PGM65	chr6	163984613	G	A
PGM65	chr6	167570891	G	A
PGM65	chr7	813708	C	T
PGM65	chr7	881727	G	A
PGM65	chr7	2279066	G	A
PGM65	chr7	2577927	C	T
PGM65	chr7	4119186	G	A
PGM65	chr7	4167024	G	A
PGM65	chr7	4218132	G	A
PGM65	chr7	8791312	C	T
PGM65	chr7	15599775	C	T
PGM65	chr7	20438604	C	T
PGM65	chr7	20778696	G	A
PGM65	chr7	22162030	C	T
PGM65	chr7	27671960	A	G
PGM65	chr7	30185880	G	A
PGM65	chr7	30649230	G	A
PGM65	chr7	31683522	G	A
PGM65	chr7	32909620	G	A
PGM65	chr7	36461477	C	T
PGM65	chr7	43590119	C	T
PGM65	chr7	44579425	C	T
PGM65	chr7	45006364	C	T
PGM65	chr7	47897285	G	A
PGM65	chr7	64452714	G	A
PGM65	chr7	72849113	G	A
PGM65	chr7	72849705	G	A
PGM65	chr7	76908126	C	T
PGM65	chr7	76909889	C	T
PGM65	chr7	89856409	T	C
PGM65	chr7	92733205	A	G
PGM65	chr7	92763618	G	T
PGM65	chr7	94989395	C	T
PGM65	chr7	98555621	G	A
PGM65	chr7	99227410	A	G
PGM65	chr7	99751132	G	A
PGM65	chr7	100479397	G	A
PGM65	chr7	100775275	C	T
PGM65	chr7	101844645	C	T
PGM65	chr7	102737787	C	T
PGM65	chr7	102760494	C	T
PGM65	chr7	103301952	T	C
PGM65	chr7	103368612	C	T
PGM65	chr7	103969339	G	A
PGM65	chr7	107732078	G	A
PGM65	chr7	110763282	C	T
PGM65	chr7	117171037	G	A
PGM65	chr7	117501313	C	T
PGM65	chr7	122056122	T	C
PGM65	chr7	122757659	C	T
PGM65	chr7	123152119	C	T
PGM65	chr7	127670261	A	G
PGM65	chr7	128478755	C	T
PGM65	chr7	128483879	C	T
PGM65	chr7	132174130	C	T
PGM65	chr7	140301320	T	C
PGM65	chr7	141385360	C	T
PGM65	chr7	148876486	G	A
PGM65	chr7	150747324	A	G
PGM65	chr7	150915243	T	A
PGM65	chr7	155530945	C	T
PGM65	chr7	156979556	T	C
PGM65	chr7	157341689	G	A
PGM65	chr8	9912117	G	A
PGM65	chr8	10692211	G	A
PGM65	chr8	13424928	C	T
PGM65	chr8	17612117	C	T
PGM65	chr8	20068807	G	A
PGM65	chr8	22006371	T	C
PGM65	chr8	23538803	G	A
PGM65	chr8	26505277	C	T
PGM65	chr8	30700339	G	A
PGM65	chr8	39080588	G	A
PGM65	chr8	41456785	C	T
PGM65	chr8	42612119	C	T
PGM65	chr8	53079456	C	T
PGM65	chr8	53570063	G	A
PGM65	chr8	55060114	T	C
PGM65	chr8	55372486	C	T
PGM65	chr8	57026328	C	A
PGM65	chr8	57353851	C	T
PGM65	chr8	67364259	G	A
PGM65	chr8	68200271	C	T
PGM65	chr8	68396089	C	T
PGM65	chr8	70533358	C	T
PGM65	chr8	70591850	C	T
PGM65	chr8	72756051	G	A
PGM65	chr8	72970018	G	A
PGM65	chr8	75227621	C	T
PGM65	chr8	75227701	G	A
PGM65	chr8	77617892	G	A
PGM65	chr8	77765087	C	T
PGM65	chr8	77896112	A	T
PGM65	chr8	81897447	G	A
PGM65	chr8	86127189	G	A
PGM65	chr8	87076730	C	T
PGM65	chr8	90802405	G	A
PGM65	chr8	92032481	T	G
PGM65	chr8	95416450	G	A
PGM65	chr8	95503887	G	A
PGM65	chr8	95942913	C	A
PGM65	chr8	97251908	A	G
PGM65	chr8	100127992	G	A
PGM65	chr8	100520072	G	A
PGM65	chr8	107773446	C	T
PGM65	chr8	108264120	C	T
PGM65	chr8	109229610	G	A
PGM65	chr8	110431367	C	T
PGM65	chr8	110984559	C	T
PGM65	chr8	117878909	C	T
PGM65	chr8	120233931	G	A
PGM65	chr8	121013832	C	T
PGM65	chr8	121013926	G	A
PGM65	chr8	132052078	G	A
PGM65	chr8	133894764	G	T
PGM65	chr8	139144970	G	A
PGM65	chr8	141569616	G	A
PGM65	chr8	141874433	G	A
PGM65	chr8	141874482	G	A
PGM65	chr8	142367179	G	A
PGM65	chr8	144688646	G	A
PGM65	chr8	144803002	C	T
PGM65	chr8	144890869	C	A
PGM65	chr8	144899234	G	A
PGM65	chr8	144943152	C	T
PGM65	chr8	144943634	G	A
PGM65	chr8	144944310	G	A
PGM65	chr8	145009384	G	A
PGM65	chr8	145049470	G	T
PGM65	chr8	145947242	G	A
PGM65	chr8	145947379	G	A
PGM65	chr8	146028316	C	T
PGM65	chr9	4826919	C	T
PGM65	chr9	5065005	T	C
PGM65	chr9	5431904	C	T
PGM65	chr9	5830954	T	C
PGM65	chr9	6460585	C	T
PGM65	chr9	8521334	A	G
