ID,mode,hospital,cluster,ABCA13,ABCA8,CFTR,ABCA7,ABCB11,ABCC4,ABCB5,ABCA1,ABCC5,ABCA2,ABCB9,ABCC11,ABCC9,ABCB6,ABCB8,ABCC10,ABCC12,ABCC2,ABCA12,ABCA10,ABCD2,ABCA4,ABCG8,ABCC3,ABCB10,ABCC1,ABCA3,ABCG4,ABCA6,ABCA5,ABCA9,ABCB7,ABCC8,ABCD1,ABCG2,ABCC6,ABCG5,ABCB1,ABCG1,V5,V18,V23,V25,V30,V43,V44,V49,V50,V59,V61,V71,V72,V90,V94,V7,V8,V26,V28,V29,V32,V48,V51,V69,V82,V87,V149,V153,V173,V190,V204,V217,V278,V308,V334,V349,V367,V433,V452,V484,V493,Sig.all(Sig1),Sig3,DI_50variants,DI_ABC,WP_HISTONE_MODIFICATIONS,KEGG_ABC_TRANSPORTERS,KEGG_CELL_CYCLE,KEGG_UBIQUITIN_MEDIATED_PROTEOLYSIS,KEGG_AXON_GUIDANCE,KEGG_VEGF_SIGNALING_PATHWAY,KEGG_GAP_JUNCTION,KEGG_NATURAL_KILLER_CELL_MEDIATED_CYTOTOXICITY,KEGG_T_CELL_RECEPTOR_SIGNALING_PATHWAY,KEGG_B_CELL_RECEPTOR_SIGNALING_PATHWAY,KEGG_FC_EPSILON_RI_SIGNALING_PATHWAY,KEGG_LONG_TERM_POTENTIATION,KEGG_NEUROTROPHIN_SIGNALING_PATHWAY,KEGG_LONG_TERM_DEPRESSION,KEGG_INSULIN_SIGNALING_PATHWAY,KEGG_GNRH_SIGNALING_PATHWAY,KEGG_PROGESTERONE_MEDIATED_OOCYTE_MATURATION,KEGG_MELANOGENESIS,KEGG_ALDOSTERONE_REGULATED_SODIUM_REABSORPTION,KEGG_PATHWAYS_IN_CANCER,KEGG_SMALL_CELL_LUNG_CANCER
DI,1,1,1,-0.058139535,-0.639534884,0.178571429,0.161290323,0.925925926,0.161290323,0.178571429,0.535714286,0.892857143,0.892857143,0.806451613,0.161290323,0.161290323,0.806451613,0,-0.869565217,0.892857143,-0.869565217,0.806451613,0,0.892857143,0.161290323,0.806451613,0.806451613,0.806451613,0.806451613,0.806451613,0.806451613,0,0,0.806451613,0.806451613,0.806451613,0,0.806451613,0,0,0,0,-0.70754717,-0.639534884,-0.930232558,-0.909090909,-0.909090909,-0.53030303,-0.869565217,-0.909090909,-0.909090909,-0.909090909,-0.909090909,-0.909090909,-0.909090909,-0.909090909,-0.909090909,0.566037736,0.943396226,0.892857143,0.892857143,0.679012346,0.925925926,0.892857143,0.892857143,0.925925926,0.892857143,0.892857143,0.892857143,0.892857143,0.892857143,0.892857143,0.892857143,0.892857143,0.892857143,0.892857143,0.892857143,0.892857143,0.892857143,0.892857143,0.892857143,0.892857143,0.892857143,0.849673203,-0.943396226,1,1,1,1,1,1,1,1,1,1,1,1,1,1,1,1,1,1,1,1,1,1,1
P3,train,NCC,response,0,0,0,0,0,0,0,0,0,0,0,0,0,0,0,0,0,0,0,0,0,0,0,0,0,0,0,0,0,0,0,0,0,0,0,0,0,0,0,0,0,1,0,1,0,0,0,0,0,0,0,0,0,0,0,0,0,0,0,0,0,0,0,0,0,0,0,0,0,0,0,0,0,0,0,0,0,0,0,0,0,1,-1.839323467,0,0,0,0,-0.771292436,0,0,-0.930232558,0,0,-0.348837209,0,-0.930232558,0,-0.930232558,0.161290323,0,-0.769230769,-0.769230769,0,-2.240132735,-1.095317726
P5,train,NCC,response,0,0,0,0,0,0,0,0,0,0,0,0,0,0,0,0,0,0,0,0,0,0,0,0,0,0,0,0,0,0,0,0,0,0,0,0,0,0,0,0,0,0,1,0,0,0,0,1,0,0,0,0,0,0,0,0,0,0,0,0,0,0,0,0,0,0,0,0,0,0,0,0,0,0,0,0,0,0,0,0,0,0,-1.818181818,0,0,0,0,0,0.161290323,-0.607940446,-0.769230769,0.161290323,-0.607940446,-0.187546886,-0.769230769,-0.769230769,-0.769230769,-0.769230769,-0.769230769,-2.307692307,-0.769230769,-0.769230769,0,-0.7326041,0
P7,train,NCC,response,1,0,0,0,0,0,0,0,0,0,0,0,0,0,0,0,0,0,0,0,0,0,0,0,0,0,0,0,0,0,0,0,0,0,0,0,0,0,0,0,0,0,0,0,0,0,0,0,0,0,0,0,0,0,0,0,0,0,0,0,0,0,0,0,0,0,0,0,0,0,0,0,0,0,0,0,0,0,0,0,0,0,0,-0.058139535,0.679012346,-0.058139535,-0.027322404,0,0.365168539,0.365168539,0.365168539,0.365168539,0.365168539,0.365168539,0.365168539,0.365168539,0.337846135,0.365168539,0.365168539,0.365168539,-0.40406223,-0.40406223,0.365168539,0.207488715,-0.027322404
P11,train,NCC,response,0,0,0,0,0,0,0,0,0,0,0,0,0,0,0,0,0,0,0,0,0,0,0,0,0,0,0,0,0,0,0,0,0,0,0,0,0,0,0,0,0,0,0,0,0,0,1,0,0,0,0,0,1,0,0,0,0,0,0,0,0,0,0,0,0,0,0,0,0,0,0,0,0,0,0,0,0,0,0,0,0,0,-2.687747035,0,-0.233516483,0,-0.151515152,0.679012346,-0.181816032,-0.504396678,-0.40406223,-0.504396678,-0.504396678,-0.504396678,0.365168539,0.365168539,0.365168539,0.365168539,0.365168539,0.365168539,0.365168539,0.365168539,0.365168539,0.607011382,0
P13,train,NCC,response,1,0,0,0,0,0,0,0,0,0,0,0,0,0,0,0,0,0,0,0,0,0,0,0,0,0,0,0,0,0,0,0,0,0,0,0,0,0,0,0,0,1,1,0,0,0,0,0,0,0,0,0,0,0,0,0,0,0,0,0,0,0,0,0,0,0,0,0,0,0,0,0,0,0,0,0,0,0,0,0,0,0,-1.839323467,-0.058139535,0.178571429,-0.058139535,-0.027322404,-0.199115044,0.365168539,0.365168539,-0.565064019,0.900882825,0.900882825,0.900882825,0.365168539,-0.565064019,-0.431384634,-1.334294788,-0.40406223,0.365168539,0.365168539,-0.40406223,0.365168539,0.73120413,-0.027322404
P14,train,NCC,response,1,1,0,0,0,0,0,0,0,0,0,1,0,0,0,1,0,1,0,0,0,0,0,0,0,0,0,0,0,0,0,0,0,0,0,0,0,0,0,0,1,0,0,0,0,0,0,0,1,1,0,0,1,0,1,0,0,0,0,0,0,0,0,0,0,0,0,0,0,0,0,0,0,0,0,0,0,0,0,0,0,0,-2.800769875,-2.27551453,-1.625021191,-2.27551453,-0.769230769,-0.716546683,1.062173148,-0.54392237,-1.334294788,-0.504396678,-1.313153139,-1.413487587,-2.408470865,-1.434629236,-2.182429822,-0.565064019,-1.295583499,-0.830483635,-0.54392237,0.365168539,-0.565064019,-4.462376783,-1.656891495
P16,train,NCC,response,0,0,0,0,0,0,0,0,0,0,0,0,0,0,0,0,0,0,0,0,0,0,0,0,0,0,0,0,0,0,0,0,0,0,0,0,0,0,0,1,1,0,1,0,0,0,1,1,0,0,0,0,0,0,0,0,0,0,0,0,0,0,0,0,0,0,0,0,0,0,0,0,0,0,0,0,0,0,0,0,0,0,-4.074354781,0,0,0,-0.027322404,-1.214436248,0,0.496183206,0,0.496183206,0.496183206,-0.273047563,0.496183206,0,-0.461371756,0,-0.434049352,0,0.496183206,-1.377171215,-0.434049352,-0.908310413,0.468860802
P17,train,NCC,response,0,0,1,0,0,0,0,0,0,0,0,0,0,0,0,0,0,0,0,0,0,0,0,0,0,0,0,0,0,0,0,0,0,0,0,0,0,0,0,1,1,0,0,0,0,0,0,0,0,0,1,1,0,0,0,0,0,0,1,0,0,0,0,0,0,0,0,0,0,0,0,0,0,0,0,0,0,0,0,0,0,0,-2.486251526,0.178571429,0,0.178571429,-0.639534884,-0.445205479,0.031317608,-0.504396678,0.526458862,-0.504396678,-0.504396678,-0.504396678,0.365168539,0.365168539,0.526458862,0.365168539,-0.242771907,0.526458862,0.526458862,0.526458862,0.365168539,-0.779935004,-1.538461538
P19,train,NCC,response,0,1,0,0,0,0,0,0,0,0,0,0,0,0,0,0,0,0,0,0,0,1,0,0,0,0,0,0,0,0,0,0,0,0,0,0,0,0,0,0,0,0,0,1,1,0,1,0,0,0,0,0,0,0,0,0,0,0,0,0,0,0,0,0,0,0,0,0,0,0,0,0,0,0,0,0,0,0,0,0,0,0,-2.348484848,-0.478244561,0.178571429,-0.478244561,-0.796553173,-0.199115044,-0.40406223,-0.40406223,-0.343106355,0.365168539,0.365168539,0.01633133,0.365168539,-0.242771907,-0.431384634,0.526458862,0.365168539,-1.273627447,-0.504396678,-1.273627447,-0.504396678,-0.950623859,-1.101209947
P22,train,NCC,response,0,0,0,1,0,0,0,0,0,0,0,0,1,0,0,0,0,0,0,0,0,0,0,0,0,0,0,0,0,0,0,0,0,0,0,0,0,0,0,0,0,0,0,1,0,1,0,0,0,0,0,0,0,0,0,0,0,0,0,0,0,0,0,0,0,0,0,0,0,0,0,0,0,0,0,0,0,0,0,0,0,0,-2.648221343,0.322580646,0.161290323,0.322580646,-0.027322404,-0.199115044,0.365168539,0.365168539,0.365168539,0.365168539,0.365168539,-0.504396678,0.365168539,0.365168539,1.034850744,0.365168539,-1.406809482,0.365168539,0.365168539,0.365168539,0.900882825,0.535474593,-0.027322404
P24,train,NCC,response,0,0,0,0,0,0,0,0,0,0,0,0,0,0,0,0,0,0,0,0,0,0,0,0,0,0,0,0,0,0,0,0,0,0,0,0,0,0,0,0,0,0,0,0,0,0,0,0,0,0,0,0,1,0,0,0,0,0,0,0,0,0,0,0,0,0,0,0,0,0,0,0,0,0,0,0,0,0,0,0,0,0,-0.909090909,0,0,0,-0.948068325,0,0.365168539,0.365168539,-0.504396678,0.365168539,0.365168539,0.365168539,0.365168539,0.365168539,0.337846135,1.222752314,0.365168539,0.365168539,0.365168539,0.365168539,0.365168539,0.740979301,-0.027322404
P27,train,NCC,response,0,1,0,0,0,0,1,0,0,0,0,0,0,0,0,0,0,0,0,0,0,0,0,0,0,0,0,0,0,0,0,0,0,0,0,0,0,0,0,0,0,1,0,0,0,0,0,0,0,0,1,1,0,0,0,0,0,0,0,0,0,0,0,0,0,0,0,0,0,0,0,0,0,0,0,0,0,0,0,0,0,0,-2.748414376,-0.460963455,-0.607940446,-0.460963455,0,0,-0.769230769,-0.769230769,-0.769230769,-0.769230769,-0.769230769,-0.769230769,-0.769230769,-0.233516483,-1.538461538,-0.59065934,-0.769230769,-0.55960344,0,-1.538461538,-0.869565217,-0.609389257,0
P30,train,NCC,response,0,0,0,0,0,0,0,0,0,0,0,0,0,0,0,0,0,1,0,0,0,0,0,0,0,0,0,0,0,0,0,0,0,0,0,0,0,0,0,1,0,0,0,0,0,0,0,0,1,0,0,0,0,0,0,0,0,0,0,0,0,0,0,0,0,0,0,0,0,0,0,0,0,0,0,0,0,0,0,0,0,0,-1.616638079,-0.869565217,0,-0.869565217,0,-0.97040748,0.365168539,0.526458862,0.526458862,0.526458862,0.365168539,0.365168539,0.526458862,0.526458862,-0.565064019,0.526458862,-0.029349733,0.526458862,0.900882825,0.526458862,-0.403773696,0.919816857,0
P34,train,NCC,response,0,0,0,0,0,0,1,0,0,0,0,0,0,0,0,0,0,0,0,0,0,0,0,0,0,0,0,0,0,0,0,0,0,0,0,0,0,0,0,0,0,0,0,0,0,0,0,0,0,0,0,0,0,0,0,0,0,0,0,0,0,0,0,0,0,0,0,0,0,0,0,0,0,0,0,0,0,0,0,0,0,0,0,0.178571429,0,0.178571429,-0.027322404,0,0.161290323,0,-0.090218423,0.535714286,0,0,0,0,-0.027322404,0,0,0,0,0,0,-0.598924715,-0.027322404
P39,train,NCC,response,0,0,0,0,0,1,0,0,0,0,0,0,0,0,0,0,0,0,0,0,0,0,0,0,0,0,0,0,0,0,0,0,0,0,0,0,0,0,0,0,0,0,0,0,0,0,0,0,1,0,0,0,0,0,0,0,0,0,0,0,0,0,0,0,0,0,0,0,0,0,0,0,0,0,0,0,0,0,0,0,0,0,-0.909090909,0.161290323,0,0.161290323,-0.63526285,-0.037824721,0.365168539,0.861351745,-1.173004465,0.861351745,0.861351745,0.861351745,0.861351745,-0.565064019,-0.096203217,-0.565064019,-0.068880813,0.365168539,1.022642068,0.365168539,-0.068880813,0.458156567,0.468860802
P43,train,NCC,response,0,0,1,0,0,0,0,0,0,0,0,0,0,0,0,1,0,0,0,0,0,0,0,0,0,0,0,0,0,0,0,0,0,0,0,0,0,0,0,0,0,1,0,0,0,0,0,1,0,0,1,1,0,0,0,0,0,0,0,0,0,0,0,0,0,0,0,0,0,0,0,0,0,0,0,0,0,0,0,0,0,1,-3.657505285,-0.690993788,0,-0.690993788,0.504885571,0.161290323,-1.771978021,0.161290323,0.161290323,-0.869565217,0,0,0,-0.607940446,-0.63526285,0.916007304,0.339861752,-0.003506311,-0.446650123,0,-0.607940446,-1.030069656,-0.796553173
P52,train,NCC,response,0,0,0,0,0,0,0,0,0,0,0,0,0,0,0,0,0,0,0,0,0,0,0,0,0,0,0,0,0,0,0,0,0,0,0,0,0,0,0,0,0,0,0,0,1,0,0,0,0,0,0,0,0,0,0,0,0,0,0,0,0,0,0,0,0,0,0,0,0,0,0,0,0,0,0,0,0,0,0,0,1,0,-3.138998681,0,0,0,-0.027322404,-0.199115044,-0.869565217,0,0,0,0,0,0,0,-0.027322404,0,0,0,0,0,0,-0.63526285,-0.63526285
P53,train,NCC,response,0,0,0,0,0,0,0,0,0,0,0,0,0,0,0,0,0,0,0,0,0,0,0,0,0,0,0,0,0,0,0,0,0,0,0,0,0,0,0,0,0,0,0,0,0,0,0,0,0,1,0,0,0,0,0,0,0,0,0,0,0,0,0,0,0,0,0,0,0,0,0,0,0,0,0,0,0,0,0,0,0,0,-5.256916994,0,0,0,-1.24747533,-0.869565217,-0.233516483,-1.235177866,-0.326086957,-0.477602109,-1.235177866,-1.235177866,-1.235177866,-0.477602109,-1.386693018,-0.477602109,-1.386693018,-0.326086957,-1.386693018,-0.326086957,0,-2.256258235,-0.909090909
1148190,train,NCC,response,0,0,0,0,0,0,0,0,0,0,0,0,0,0,0,0,0,0,0,0,0,0,0,0,0,0,0,0,0,0,0,0,0,0,0,0,0,0,0,0,0,0,0,0,1,0,0,0,0,0,0,0,0,0,0,0,0,0,0,0,0,0,0,0,0,0,0,0,0,0,0,0,0,0,0,0,0,0,0,0,1,0,-3.138998681,0,-0.869565217,0,-0.353409361,-0.199115044,-0.869565217,0,0,0,0,0,0,0,-0.027322404,0,0,0,0,0.161290323,0,0.331596377,-0.027322404
1160611,train,NCC,response,0,0,0,0,0,0,0,0,0,0,0,0,0,0,0,0,0,0,0,0,0,0,0,0,0,0,0,0,0,0,0,0,0,0,0,0,0,0,0,0,0,0,0,0,0,0,0,0,0,1,0,0,0,0,0,0,0,0,0,0,0,0,0,0,0,0,0,0,0,0,0,0,0,0,0,0,0,0,0,0,0,0,-5.256916994,0,0,0,-0.639534884,-0.869565217,0,-1.235177866,-0.326086957,-0.477602109,-1.235177866,-1.584015075,-1.235177866,-0.477602109,-1.386693018,-0.477602109,-2.925154556,-0.326086957,-1.386693018,-0.326086957,0,-3.025489004,-0.909090909
1165043,train,NCC,response,0,0,0,0,0,0,0,0,0,0,0,0,0,0,0,0,0,0,0,0,0,0,0,0,0,0,0,0,0,0,0,0,0,0,0,0,0,0,0,1,0,0,0,0,0,0,0,0,0,0,0,0,0,1,0,0,0,0,0,0,0,0,0,0,0,0,0,0,0,0,0,0,0,0,0,0,0,0,0,0,0,1,-1.616638079,0,0,0,0,-0.445205479,0,0,0,0,0,0,0,0,0,0,0,0,0,0,0,0,0
1165731,train,NCC,response,0,0,0,0,0,0,0,0,0,0,0,0,0,0,0,0,0,0,0,0,0,0,0,0,0,0,0,0,0,0,0,0,0,0,0,0,0,0,0,0,0,0,0,0,0,0,0,0,0,0,0,0,0,1,0,0,0,0,0,0,0,0,0,0,0,0,0,0,0,0,0,0,0,0,0,0,0,0,0,0,0,1,-0.909090909,0,0,0,-0.027322404,-0.037824721,-1.638795986,0,0,0,0,0,-0.326086957,0,-0.027322404,0,0,-0.326086957,0,0,0,-0.027322404,-0.027322404
1175987,train,NCC,response,0,0,0,0,0,0,0,0,0,0,0,0,0,0,0,0,0,0,0,0,0,0,0,0,0,0,0,0,0,0,0,0,0,0,0,0,0,0,0,0,0,0,0,0,0,0,0,0,0,0,0,0,0,0,0,0,0,0,0,0,0,0,0,0,0,0,0,0,0,0,0,0,0,0,0,0,0,0,0,0,0,0,0,0,0.679012346,0,0,0,0,0,-0.869565217,-1.538461538,0,0,0,-0.869565217,-0.869565217,0,0,-2.508361203,-0.869565217,-0.869565217,0,0,0
1205142,train,NCC,response,0,0,0,0,0,0,0,0,0,0,0,0,0,0,0,0,0,0,0,0,0,0,0,0,0,0,0,0,0,0,0,0,0,0,0,0,0,0,0,0,0,0,0,0,0,0,0,0,0,0,0,0,0,1,0,0,0,0,0,0,0,0,0,0,0,0,0,0,0,0,0,0,0,0,0,0,0,0,0,0,0,0,-0.909090909,0,0,0,-0.796553173,-0.199115044,-0.769230769,0,-0.869565217,0,0,0,0,0,-0.027322404,0,0,0,-0.769230769,0,0,-0.598924715,-0.027322404
1232209,train,NCC,response,1,0,0,0,0,0,0,0,0,0,0,0,0,0,0,0,0,0,0,0,0,0,0,0,0,0,0,0,0,0,0,0,0,0,0,0,0,0,0,0,0,0,0,0,0,0,0,0,0,0,0,0,0,0,0,0,0,0,0,0,0,0,0,0,0,0,0,0,0,0,0,0,0,0,0,0,0,0,0,0,0,0,0,-0.058139535,0,-0.058139535,-0.796553173,0,0.161290323,0.496183206,0,0.344668054,0.496183206,0.496183206,0.496183206,-0.151515152,0.31734565,-0.151515152,0.344668054,0,-0.424562715,0,0.496183206,-1.02348743,0.468860802
1232597,train,NCC,response,0,0,0,0,0,0,0,1,0,0,0,0,0,0,0,0,0,0,0,0,0,0,0,0,0,0,0,0,0,0,0,0,0,0,0,0,0,0,0,1,1,0,0,0,0,0,0,0,0,0,0,0,0,0,0,0,0,0,0,0,0,0,0,0,0,0,0,0,0,0,0,0,0,0,0,0,0,0,0,0,0,0,-1.347082054,0.535714286,0,0.535714286,-0.027322404,-0.445205479,-0.769230769,0,-0.769230769,0,0,0,0,0,-0.027322404,0,0,0,0,0,0,-0.598924715,-0.027322404
1247392,train,NCC,response,0,1,0,0,0,0,0,0,0,0,0,0,0,0,0,0,0,0,0,0,0,0,0,0,0,0,0,0,0,0,0,0,0,0,0,0,0,0,0,0,0,0,0,0,0,0,0,0,0,0,0,0,0,0,1,0,0,0,0,0,0,0,0,0,0,0,0,0,0,0,0,0,0,0,0,0,0,0,0,0,0,0,0.566037736,-0.639534884,-0.326086957,-0.639534884,-0.666857288,0.535714286,-1.273627447,0.365168539,0.365168539,-0.40406223,0.365168539,0.365168539,0.365168539,0.365168539,0.337846135,0.365168539,0.365168539,0.365168539,0.365168539,-0.40406223,0.365168539,-0.878034757,-0.027322404
1258650,train,NCC,response,0,0,0,0,0,0,0,0,0,0,0,0,0,0,0,0,0,0,0,0,0,0,0,0,0,0,0,0,0,0,0,0,0,0,0,0,0,0,0,0,0,0,0,0,0,0,0,0,0,0,0,0,0,0,0,0,0,0,0,0,0,0,0,0,0,0,0,0,0,0,0,0,0,0,0,0,0,0,0,0,0,0,0,0,0,0,0,-0.199115044,0,0,0,0,0,0,0,0,0,-0.769230769,0,0,0,0,0,-0.80483026,0.161290323
1261934,train,NCC,response,0,0,0,0,0,0,0,0,0,0,0,0,0,0,0,0,0,0,0,0,0,0,0,0,0,0,0,0,0,0,0,0,0,0,0,0,0,0,0,0,0,0,0,0,0,1,0,0,0,0,0,0,0,0,0,0,0,0,0,0,0,0,0,0,0,0,0,0,0,0,0,0,0,0,0,0,0,0,0,0,0,1,-0.869565217,0,0,0,-0.027322404,0,0,0,0,0,0,0,0,0,-0.796553173,0,-0.769230769,0,0,0,-0.769230769,-0.738784855,-0.936413313
1273598,train,NCC,response,0,0,0,0,0,0,0,0,0,0,0,0,0,0,0,0,0,0,0,0,0,0,0,0,0,0,0,0,0,0,0,0,0,0,0,0,0,0,0,0,0,0,0,0,0,0,0,0,0,0,0,0,0,0,0,0,0,0,0,0,0,0,0,0,0,0,0,0,0,0,0,0,0,0,0,0,0,0,0,0,0,0,0,0,0.178571429,0,-0.178837556,0,-0.769230769,0.161290323,0,0,0,0,0,0,-0.027322404,0,0,0,0,0,0,0.180081225,0.133967919
P2,train,NCC,resistant,0,0,0,0,0,0,0,0,0,0,0,0,0,0,0,0,0,0,0,0,0,0,0,0,0,0,0,0,0,0,0,0,0,0,0,0,0,0,0,0,0,0,0,0,0,0,0,0,0,0,0,0,0,0,0,0,0,0,0,0,0,0,0,0,0,0,0,0,0,0,0,0,1,0,0,0,0,0,0,0,1,0,0.892857143,0,0,0,-0.027322404,0,2.396313365,1.612903226,0,1.612903226,1.612903226,1.612903226,0.480364656,0,0.940419532,0,0.806451613,-0.326086957,0.806451613,0,0.806451613,2.991270273,2.597912278
P4,train,NCC,resistant,0,0,0,0,0,0,0,0,0,0,0,0,0,0,0,0,0,0,0,0,0,0,0,0,0,0,0,0,0,0,0,0,0,0,0,0,0,0,0,0,0,0,0,0,0,0,0,0,0,0,0,0,0,0,0,1,0,0,0,0,0,0,0,0,0,0,0,0,0,0,0,0,0,0,0,0,0,0,0,0,0,0,0.943396226,0,0,0,0,0,0.365168539,0.365168539,0.365168539,1.171620152,0.365168539,0.365168539,0.365168539,0.365168539,0.365168539,0.365168539,0.365168539,0.365168539,0.365168539,0.365168539,0.365168539,1.564978147,0
P9,train,NCC,resistant,1,0,0,0,0,0,0,1,0,0,0,1,1,0,0,0,0,0,0,0,1,0,0,0,0,0,0,0,0,0,0,0,0,0,0,0,0,0,0,0,0,0,0,0,0,0,0,0,0,0,0,0,0,0,0,1,0,1,0,0,0,0,0,0,0,0,0,0,0,0,0,0,0,0,0,0,0,0,1,0,0,0,2.729110512,1.69301254,0.857583775,1.69301254,2.597912278,0.281249612,2.784523378,0.526458862,1.978071765,0.900882825,0.365168539,0.365168539,0.365168539,1.978071765,0.337846135,1.926337133,1.171620152,1.171620152,1.171620152,1.171620152,0.365168539,2.711277522,1.026825062
P15,train,NCC,resistant,0,0,1,0,0,0,0,0,0,0,0,0,0,0,0,0,0,0,0,0,0,0,0,0,0,0,0,0,0,0,0,0,0,0,0,0,0,0,0,0,0,0,0,0,0,0,0,0,0,0,0,0,0,0,1,0,0,0,0,0,0,0,0,0,0,0,1,0,0,0,0,0,0,0,1,0,0,0,0,1,0,0,3.244609165,0.178571429,0,0.178571429,0.806451613,1.612903226,0.365168539,0.861351745,0.365168539,1.397066031,2.203517644,1.854680435,0.861351745,0.365168539,2.474254971,0.365168539,0.861351745,1.978071765,0.861351745,0.365168539,0.861351745,1.865431816,0.496183206
P18,train,NCC,resistant,0,1,0,0,0,0,0,0,0,0,0,0,0,0,0,0,0,0,0,0,0,0,0,0,0,0,0,0,0,0,0,0,0,0,0,0,0,0,0,0,0,0,0,0,1,0,0,0,0,0,0,0,0,0,0,0,0,0,0,0,0,0,0,0,0,0,0,1,0,0,1,0,1,0,0,0,0,0,0,0,0,0,2.148268399,-0.639534884,0,-0.639534884,2.268091825,-0.199115044,2.150882825,0.365168539,0.365168539,0.900882825,1.171620152,0.822782943,1.171620152,0.365168539,1.332910475,0.365168539,1.171620152,0.365168539,1.171620152,0.365168539,0.365168539,3.026618359,0.806451613
P20,train,NCC,resistant,0,0,0,0,0,0,0,0,0,0,0,0,0,0,0,0,0,0,0,0,0,0,0,0,0,0,0,0,0,0,0,0,0,0,0,0,0,0,0,0,0,0,0,0,0,0,0,0,0,0,0,0,0,0,0,0,0,0,0,0,0,0,0,0,0,0,1,0,0,0,0,0,0,0,0,0,0,0,0,0,1,0,0.892857143,0,0,0,0.779129209,0,0,0,0,0,0,0,0,0,-0.027322404,0.754716981,0,0,0.806451613,0,0,2.405329096,0.865534739
P21,train,NCC,resistant,1,0,0,1,0,1,0,1,1,1,1,0,0,0,0,0,0,0,0,0,0,0,1,0,0,0,0,0,0,0,0,0,0,0,0,0,0,0,0,0,0,0,0,0,0,0,0,0,0,0,0,0,0,0,1,0,1,0,0,1,0,0,0,1,0,0,0,0,1,0,0,1,0,0,0,0,0,0,1,1,0,0,6.84910652,4.198772909,5.061941745,4.198772909,8.699502161,7.543714703,14.68544504,5.290283747,9.269987338,6.989592503,10.75111324,6.632449646,6.989592503,4.483832134,8.769532431,6.637607544,8.791094467,7.225767619,8.642818311,13.83867085,4.516900917,26.96818997,6.146299376
P23,train,NCC,resistant,0,0,0,0,0,0,0,0,0,0,0,0,0,0,0,0,0,0,0,0,0,0,0,0,0,0,0,0,0,0,0,0,0,0,0,0,0,0,0,0,0,0,0,0,0,0,0,0,0,0,0,0,0,0,0,0,0,0,1,1,0,0,0,0,0,0,0,0,0,0,0,0,0,0,0,0,0,0,0,0,0,0,1.604938272,0,0.178571429,0,-0.027322404,0,0,0,0.806451613,0,0,0,0,0.806451613,-0.027322404,0.806451613,0,0.806451613,0,0.806451613,0,1.172487204,-0.027322404
P25,train,NCC,resistant,0,0,0,0,0,0,0,0,0,0,0,0,0,0,0,0,1,0,0,0,0,0,0,0,0,0,0,0,0,0,0,0,0,0,0,0,0,0,0,0,0,0,0,0,0,0,0,0,0,0,0,0,0,0,0,0,0,1,1,0,0,0,1,0,0,0,0,1,1,0,0,0,0,0,0,0,0,0,0,0,1,0,4.283509701,0.892857143,0,0.892857143,0.779129209,0.607336569,0.365168539,0.365168539,0.365168539,1.978071765,0.365168539,0.365168539,1.171620152,0.365168539,0.337846135,0.365168539,0.365168539,1.978071765,0.365168539,1.978071765,0.365168539,4.043416112,0.865534739
P26,train,NCC,resistant,0,0,0,0,0,0,0,0,0,0,0,0,0,0,0,0,0,0,0,0,0,0,0,0,0,0,0,0,0,0,0,0,0,0,0,0,0,0,0,0,0,0,0,0,0,0,0,0,0,0,0,0,0,0,0,1,0,0,0,0,0,0,0,0,0,0,0,0,0,0,1,0,0,0,1,0,0,0,0,0,1,0,2.729110512,0,0.892857143,0,0,0,2.139362088,1.341716401,1.651984808,1.341716401,1.341716401,2.234573544,1.341716401,1.651984808,1.341716401,2.509568583,1.341716401,2.458436421,1.341716401,1.651984808,1.667803358,3.347977622,0.496183206
P33,train,NCC,resistant,0,0,0,0,0,0,0,0,0,0,0,0,0,0,0,0,0,0,0,0,0,0,0,0,0,0,1,0,0,0,0,0,0,0,0,0,0,0,0,0,0,0,0,0,0,0,0,0,0,0,0,0,0,0,0,0,0,0,1,0,0,0,0,0,0,1,0,0,0,0,0,1,0,0,0,0,0,0,0,0,0,0,2.464726632,0.806451613,0,0.806451613,0.892857143,1.461640212,0.526458862,1.022642068,1.332910475,1.022642068,1.022642068,1.022642068,0.861351745,1.171620152,0.861351745,1.798897866,2.289923174,0.365168539,2.289923174,0.365168539,0.861351745,1.057081282,0.496183206
P40,train,NCC,resistant,0,0,1,0,0,0,0,0,0,0,0,0,0,0,0,0,0,0,0,0,0,0,0,0,0,0,0,0,0,0,0,0,0,0,0,0,0,0,0,0,0,0,0,0,0,0,0,0,0,0,0,0,0,0,0,0,1,0,0,0,0,0,0,0,0,0,0,0,0,0,0,0,0,0,0,0,1,1,0,0,0,0,2.678571429,0.178571429,0,0.178571429,-0.027322404,-0.199115044,0.806451613,0,0.806451613,0,0,0,0.806451613,1.342165899,1.314843495,0.806451613,2.235023042,2.148617512,1.699308756,0.806451613,0.535714286,1.172487204,-0.027322404
P45,train,NCC,resistant,0,0,0,0,0,0,0,0,0,0,0,0,0,0,0,0,0,0,0,0,0,0,0,0,0,0,0,0,0,0,1,0,0,0,0,0,0,0,0,0,0,0,0,0,0,0,0,0,0,0,0,0,0,0,0,0,0,0,0,0,0,1,0,1,0,0,0,0,0,0,0,0,0,0,0,0,1,0,0,0,0,0,2.678571429,0.806451613,2.464726632,0.806451613,0,1.571869489,4.366359448,0.806451613,1.699308756,2.235023042,1.699308756,1.699308756,1.699308756,1.612903226,2.625234682,0.806451613,2.625234682,1.699308756,0,1.612903226,0.925925926,3.791975507,0.892857143
P50,train,NCC,resistant,1,0,0,0,1,0,1,0,1,1,0,0,0,0,0,0,0,0,1,0,1,1,0,1,1,1,0,1,0,0,0,0,1,0,1,0,0,0,0,0,1,0,0,0,0,0,0,0,0,0,0,0,0,0,0,1,0,0,0,0,0,0,0,0,0,0,0,0,0,0,0,0,0,0,0,0,0,0,0,0,0,0,0.303861342,9.531380863,3.716269533,9.531380863,8.705396492,9.016875652,8.827150108,5.699269923,4.72000725,7.237288356,6.26954642,7.075998033,7.237288356,3.999961167,7.778749021,1.494200798,11.22197004,2.867422597,8.043739969,3.032219231,4.493859443,17.47570354,10.11519339
1161524,train,NCC,resistant,0,0,0,0,0,0,0,0,0,0,0,0,0,0,0,0,0,0,0,0,0,0,0,0,0,0,0,0,0,0,0,0,0,0,0,0,0,0,0,0,0,0,0,0,0,0,0,0,0,0,0,0,0,0,0,0,0,0,0,0,0,0,0,0,0,1,0,0,0,1,0,0,0,0,0,0,0,0,0,0,1,0,1.785714286,0,0,0,-0.027322404,0.806451613,0,0.496183206,0,0.496183206,0.496183206,0.496183206,0.496183206,0,1.361717945,0,0.496183206,0,0.496183206,0.806451613,0.496183206,3.172249629,2.168169558
1185692,train,NCC,resistant,0,0,0,0,0,0,0,0,0,0,0,0,0,0,0,0,0,0,0,0,0,0,0,0,0,0,0,0,0,0,0,0,0,0,0,0,0,0,0,0,0,0,0,0,0,0,0,0,0,0,0,0,0,0,0,0,0,0,0,0,0,0,0,0,0,0,0,0,0,0,0,0,0,0,0,1,0,0,0,0,1,0,0.892857143,0,0,0,-0.178837556,0,0,0,0,-0.151515152,0.806451613,0,0,-0.151515152,0.627614057,-0.151515152,-0.151515152,0,-0.151515152,0,0,-0.330352708,-0.027322404
1243837,train,NCC,resistant,0,0,0,0,0,0,0,0,0,0,0,0,0,0,0,0,1,0,0,0,0,0,0,0,0,0,0,0,0,0,0,0,0,0,0,0,0,0,0,0,0,0,0,0,0,0,0,0,0,0,0,0,0,0,0,0,0,0,0,0,0,0,0,0,0,0,0,0,0,0,0,0,0,1,0,0,0,0,0,0,1,0,0.892857143,0.892857143,0,0.892857143,0,0,3.406643194,0.365168539,1.171620152,1.171620152,0.365168539,0.365168539,0.365168539,0.900882825,1.171620152,1.171620152,2.064477295,0.900882825,1.171620152,0.365168539,0.365168539,1.36924861,0
1313158,train,NCC,resistant,0,0,0,0,1,0,0,0,0,0,0,0,0,0,0,0,0,0,0,0,0,0,0,0,0,0,0,0,0,0,0,0,0,0,0,0,0,0,0,0,0,0,0,0,0,0,0,0,0,0,0,0,0,0,0,0,0,0,0,0,0,0,0,0,0,0,0,0,0,0,0,0,0,1,0,0,0,0,0,0,1,0,0.892857143,0.925925926,0,0.925925926,-0.027322404,0.806451613,0,0,0.892857143,0.892857143,0.892857143,0.892857143,0.892857143,0,0.865534739,0,1.054147466,0.892857143,0,0.806451613,0,2.349979466,-0.353409361
1337883,train,NCC,resistant,0,0,0,0,0,0,0,0,0,0,0,0,0,0,0,0,0,0,0,0,0,0,0,0,0,0,0,0,0,0,0,0,0,0,0,0,0,0,0,0,0,0,0,0,0,0,0,0,0,0,0,0,0,0,1,0,0,0,0,0,0,0,0,0,1,0,0,0,0,0,0,0,0,0,0,1,0,0,0,0,1,0,2.351752022,0,0.892857143,0,-0.151515152,-0.037824721,0.365168539,0.365168539,0.365168539,0.365168539,0.365168539,0.365168539,0.365168539,0.365168539,0.365168539,0.365168539,0.365168539,0.365168539,0.365168539,0.365168539,0.365168539,0.946996131,0
1338283,train,NCC,resistant,0,0,0,0,0,0,0,0,0,0,0,0,0,0,0,0,0,0,0,0,0,0,0,0,0,0,0,0,0,0,0,1,0,0,0,0,0,0,0,0,0,0,0,0,0,0,0,0,0,0,0,0,0,0,0,0,0,0,0,0,0,0,1,0,0,0,0,0,0,0,0,0,0,0,0,0,0,0,0,0,1,0,0.925925926,0.806451613,0,0.806451613,-0.027322404,0.925925926,3.043739968,0.365168539,0.365168539,0.213653387,0.365168539,0.365168539,0.365168539,0.213653387,0.186330983,0.213653387,0.37494371,0.365168539,0.213653387,0.365168539,0.526458862,0.383959441,-0.027322404
1398479,train,NCC,resistant,0,0,0,0,0,0,0,0,0,0,0,0,0,0,0,0,0,0,0,0,0,0,0,0,0,0,0,0,0,0,0,0,0,0,0,0,0,0,0,0,0,0,0,0,0,0,0,0,0,0,0,0,0,0,0,0,0,0,0,0,1,0,0,0,0,0,0,0,0,0,0,0,0,0,0,0,0,0,0,0,1,0,0.892857143,0,0,0,0,0,0.365168539,0.365168539,1.044180885,0.365168539,0.365168539,0.365168539,0.365168539,0.365168539,0.365168539,0.365168539,0.365168539,0.365168539,0.365168539,0.365168539,0.365168539,0.365168539,0
1406645,train,NCC,resistant,0,0,0,0,0,0,1,0,0,0,0,0,0,0,0,0,0,0,0,0,0,0,0,0,0,0,0,0,0,0,0,0,0,0,0,0,0,0,0,1,0,0,0,0,0,0,0,0,0,0,0,0,0,0,1,0,0,0,0,0,1,1,0,0,0,0,0,0,0,0,0,0,0,0,0,0,0,0,0,0,1,0,1.644204852,0.178571429,0,0.178571429,-0.027322404,0.24853662,1.972311397,1.754208888,1.850632498,1.754208888,1.754208888,1.754208888,1.754208888,1.171620152,1.726886484,1.171620152,1.754208888,0.365168539,1.754208888,0.365168539,1.754208888,1.924514942,1.361717945
1432057,train,NCC,resistant,0,0,0,0,0,0,0,0,0,0,0,0,0,0,0,0,0,0,0,0,0,0,0,0,0,0,0,0,0,0,0,0,0,0,0,0,0,0,0,0,0,0,0,0,0,0,0,0,0,0,0,0,0,0,0,0,0,0,0,0,0,0,0,0,0,0,0,0,0,0,0,0,0,0,0,0,0,0,0,0,0,0,0,0,0,0,0,0,0,0,0,0,0,0,0,0,0,0,0,0,0,0,0,0.358918781,0
963764,train,NCC,resistant,0,0,0,0,1,0,0,0,0,0,0,0,0,1,0,0,0,0,0,0,0,0,0,0,0,0,0,0,0,0,0,0,0,0,0,0,0,0,0,0,0,0,0,0,0,0,0,0,0,0,0,0,0,0,0,0,0,0,0,1,0,0,1,0,1,0,0,0,0,1,0,0,0,0,0,0,0,1,0,0,0,0,4.530423281,1.732377539,0.535714286,1.732377539,1.914682464,-0.199115044,0.892857143,0,0.161290323,0,0,0.806451613,0,0.161290323,0.865534739,0.339861752,0,0,0,0,0,2.115817235,0.295258242
P1,test,NCC,response,1,0,0,0,0,0,0,0,0,0,0,0,0,0,0,0,0,0,0,0,0,0,0,0,0,0,0,0,0,0,0,0,0,0,0,0,0,0,0,0,0,1,0,0,0,0,0,0,0,0,0,0,0,0,0,0,0,0,0,0,0,0,0,0,0,0,0,0,0,0,0,0,0,0,0,0,0,0,0,0,0,0,-0.930232558,-0.058139535,0,-0.058139535,0,-0.445205479,-0.708274894,0.161290323,0,0.009775171,0.161290323,-0.607940446,0,0.654936461,0.774410774,0.654936461,0.774410774,0,-0.151515152,0,0.925925926,1.386380284,0.806451613
P12,test,NCC,response,0,0,0,0,0,0,0,0,0,0,0,0,0,0,0,0,0,0,0,0,0,0,0,0,0,0,0,0,0,0,0,0,0,0,0,0,0,0,0,0,0,0,0,1,0,0,0,0,0,0,0,0,0,0,0,0,0,0,0,0,0,0,0,0,0,0,0,0,0,0,0,0,0,0,0,0,0,0,0,0,1,0,-0.909090909,0,0,0,0.133967919,0,0.892857143,0,0,0,0,0,0,0.806451613,-0.027322404,0,0,0,0.161290323,0,0,0.170306054,-0.027322404
P35,test,NCC,response,0,0,0,0,0,0,0,0,0,0,0,0,0,0,0,0,0,0,0,0,0,0,0,0,0,0,0,0,0,0,0,0,0,0,0,0,0,0,0,1,0,0,0,0,0,0,0,0,0,0,0,0,0,0,0,0,0,0,0,0,0,0,0,0,0,0,0,0,0,0,0,0,0,0,0,0,0,0,0,0,0,0,-0.70754717,0,0,0,-0.732009925,-0.771292436,-0.869565217,0,0,0,0,0,0,0.806451613,0.806451613,0.679012346,0,0,0.037220844,0,0,0.195729537,0
P37,test,NCC,response,0,0,0,1,1,1,0,1,1,0,1,0,0,1,1,0,0,0,1,1,0,0,0,0,0,0,0,0,1,0,0,0,0,1,0,0,0,0,0,0,0,0,0,0,0,0,0,0,0,0,0,0,0,0,0,0,0,0,0,0,0,0,0,0,0,0,0,0,0,0,0,0,0,0,0,0,0,0,0,0,0,0,0,5.09643284,0.198511167,5.09643284,5.74159413,2.183309335,5.451130965,3.628195835,1.047839207,5.290283747,4.93314089,3.777852068,2.784523378,1.977917194,4.73418662,1.226410636,4.466551029,1.936901505,4.397426604,2.33743015,3.320237664,10.33608309,2.903225808
P41,test,NCC,response,0,1,0,0,0,0,0,0,0,0,0,0,0,0,0,0,0,0,0,0,0,0,0,0,0,0,0,0,0,0,0,0,0,0,0,0,0,0,0,0,0,0,1,0,0,0,0,0,0,0,0,0,0,0,0,0,0,0,0,0,0,0,0,0,0,0,0,0,0,0,0,0,0,0,0,0,0,0,0,0,0,1,-0.909090909,-0.639534884,0,-0.639534884,-0.027322404,0.806451613,0.967741936,0.892857143,0.037220844,0.892857143,0.892857143,-0.348837209,0.892857143,0,0.865534739,0,0,0,0,0,-0.769230769,2.489835705,0.865534739
1161135,test,NCC,response,0,0,0,0,0,0,0,0,0,0,0,0,0,0,0,0,0,0,0,0,0,0,0,0,0,0,0,0,0,0,0,0,0,0,0,0,0,0,0,0,0,0,0,0,0,0,0,0,0,0,0,0,0,0,0,0,0,0,0,0,0,0,0,0,0,0,0,0,0,0,0,0,0,0,0,0,0,0,0,0,0,0,0,0,0,0,-0.027322404,-0.199115044,0,0,-1.538461538,-0.151515152,0.806451613,0.806451613,0,0.384199134,0.627614057,-0.151515152,-0.151515152,0.535714286,-0.151515152,0,0,-0.141616712,0.779129209
1391882,test,NCC,resistant,0,0,0,0,0,0,0,0,0,0,0,0,0,0,0,0,0,0,0,0,0,0,0,0,0,0,0,0,0,0,0,0,0,0,0,0,0,0,0,0,0,0,0,0,0,0,0,0,0,0,0,0,0,0,0,1,0,0,0,0,0,0,0,0,0,0,0,0,0,0,0,0,0,0,0,0,0,0,0,0,1,0,0.943396226,0,-0.869565217,0,-0.791050036,0,2.870928908,2.870928908,0.365168539,2.870928908,2.064477295,2.870928908,2.064477295,0.365168539,2.600191581,0.365168539,1.024509199,0.365168539,1.258025682,0.365168539,1.793739968,3.036516527,1.818783069
1397993,test,NCC,resistant,0,0,0,0,0,0,0,0,0,0,0,0,0,0,0,0,0,0,0,0,0,0,0,0,0,0,0,0,0,0,0,0,0,0,0,0,0,0,0,0,0,0,0,0,0,0,0,0,0,0,0,0,0,0,0,1,0,0,0,0,0,0,0,0,0,0,0,0,0,0,0,0,0,0,0,0,0,0,0,0,1,0,0.943396226,0,0,0,-0.027322404,0,0.365168539,0.365168539,0.365168539,0.365168539,0.365168539,0.365168539,0.365168539,0.365168539,0.337846135,0.365168539,0.365168539,0.365168539,0.365168539,1.978071765,0.365168539,2.148377819,-0.027322404
P36,test,NCC,resistant,1,0,0,0,0,0,0,0,0,0,0,0,0,0,0,0,0,0,0,0,0,0,0,0,0,0,0,0,0,0,0,0,0,0,0,0,0,0,0,0,0,0,0,0,0,0,0,0,0,0,0,0,0,0,0,0,0,0,0,0,0,0,0,1,0,0,0,0,0,0,0,0,0,0,0,0,0,0,0,0,0,1,0.892857143,-0.058139535,0.806451613,-0.058139535,-0.151515152,0,1.612903226,0,0.892857143,1.428571429,0.892857143,0.892857143,0.892857143,1.612903226,0.892857143,0.806451613,1.699308756,0.892857143,0,0,0,1.941151599,0
P42,test,NCC,resistant,1,0,0,0,0,0,0,0,0,0,0,0,0,0,0,0,0,0,0,0,0,0,0,0,0,0,0,0,0,0,0,0,0,0,0,0,0,0,0,0,0,0,0,0,0,0,0,0,0,0,0,0,0,0,0,0,0,0,0,0,0,0,0,0,0,0,0,0,0,0,0,0,0,0,0,0,0,0,0,0,0,0,0,-0.058139535,0,-0.058139535,-0.769230769,0,1.171620152,0.365168539,1.171620152,0.365168539,0.365168539,0.365168539,0.365168539,0.365168539,0.365168539,0.365168539,0.365168539,0.365168539,0.365168539,1.171620152,0.365168539,1.36924861,0
P51,test,NCC,resistant,0,0,0,0,0,0,0,0,0,0,0,0,0,0,0,0,0,0,0,0,0,0,0,0,0,0,0,0,0,0,0,0,0,0,0,0,0,0,0,0,0,0,0,0,0,0,0,0,0,0,0,0,0,0,0,0,0,0,0,0,0,0,0,0,1,0,0,0,0,0,0,0,0,0,0,0,0,0,0,0,0,0,0.892857143,0,0,0,-0.027322404,-0.199115044,2.505760369,0,0,0,0,0,0,0,-0.957554962,0,-0.930232558,0,0,0,-0.930232558,0.331596377,0.133967919
1293013,test,NCC,resistant,0,0,0,0,0,0,0,0,0,0,0,0,0,0,0,0,0,0,0,0,0,0,0,0,0,0,0,0,0,0,0,0,0,0,0,0,0,0,0,0,0,0,0,0,0,0,0,0,0,0,0,0,0,0,0,0,0,0,0,0,0,0,0,0,0,0,0,0,0,0,0,0,0,0,0,0,0,0,0,0,0,0,0,0,0.178571429,0,0,0,0,0,0.806451613,0,0.806451613,0,0,0,0,0.806451613,-0.769230769,0,0,0,0,0.197628458,0
1411462,test,NCC,resistant,1,0,0,1,0,0,0,0,0,1,0,0,0,0,0,0,0,0,0,0,0,0,0,0,0,0,0,0,0,1,0,0,0,0,0,0,0,0,0,0,0,0,0,0,0,0,0,0,0,0,0,0,0,0,0,0,0,0,0,0,0,0,0,0,0,0,0,0,0,0,0,0,0,0,0,0,0,0,0,0,0,0,0,0.996007931,0.178571429,0.996007931,0,0,1.699308756,0.806451613,-0.769230769,0.806451613,0.806451613,0.806451613,0.806451613,0,0.806451613,0,0.806451613,0,0.806451613,0,0.806451613,1.612903226,0.806451613
rd_P4_T1,test,GJ,response,0,0,0,0,0,0,0,0,0,0,0,0,0,0,0,0,0,0,0,0,0,0,0,0,0,0,0,0,0,0,0,0,0,0,0,0,0,0,0,0,0,0,0,0,0,0,0,0,0,0,0,0,0,0,0,0,0,0,0,0,0,0,0,0,0,0,0,0,0,0,0,0,0,0,0,0,0,0,0,0,0,0,0,0,0,0,0.779129209,0,0,0,0,0,0,0,0,0,-0.027322404,0,0,0,0.806451613,0,0,0.170306054,-0.027322404
rd_P5_T1,test,GJ,response,0,0,0,0,0,0,0,0,0,0,0,0,0,0,0,0,0,0,0,0,0,0,0,0,0,0,0,0,0,0,0,0,0,0,0,0,0,0,0,0,0,0,0,0,0,0,0,0,0,0,0,0,0,0,0,0,0,0,0,0,0,0,0,0,0,0,0,0,0,0,0,0,0,0,0,0,0,0,0,0,0,0,0,0,0,0,0,0,1.258025682,0.861351745,0.365168539,0.861351745,0.861351745,-0.008213472,0.861351745,0.365168539,0.861351745,0.365168539,0.861351745,0.365168539,0.861351745,0.365168539,0.861351745,1.058980203,0.496183206
rd_P7_T1,test,GJ,response,0,0,0,0,0,0,0,0,0,0,0,0,0,0,0,0,0,0,0,0,0,0,0,0,0,0,0,0,0,0,0,0,0,0,0,0,0,0,0,0,0,0,0,0,0,0,0,0,0,0,0,0,0,0,0,1,0,0,0,0,0,0,0,0,0,0,0,0,0,0,0,0,0,0,0,0,0,0,0,0,0,0,0.943396226,0,0,0,0,0,0.365168539,0.365168539,0.365168539,0.365168539,0.365168539,0.365168539,0.365168539,0.365168539,0.365168539,0.365168539,0.365168539,0.365168539,0.365168539,0.365168539,0.365168539,1.36924861,0
rd_P9_T1,test,GJ,response,0,0,0,0,0,0,0,0,0,0,0,0,0,0,0,0,0,0,0,0,0,0,0,0,0,0,0,0,0,0,0,0,0,0,0,0,0,0,0,0,0,0,0,0,0,1,0,0,0,0,0,0,0,0,0,0,0,0,0,0,0,0,0,0,0,0,0,0,0,0,0,0,0,0,0,0,0,0,0,0,0,0,-0.869565217,0,0,0,0.779129209,0,-0.769230769,0.806451613,0,0.654936461,0.806451613,0.806451613,0.806451613,-0.151515152,0.627614057,-0.920745921,1.547793604,0,0.654936461,-0.769230769,0.806451613,0.825242515,0.779129209
rd_P10_T1,test,GJ,response,0,0,0,0,0,0,0,0,0,0,0,0,0,0,0,0,0,0,0,0,0,0,0,0,0,0,0,0,0,0,0,0,0,0,0,0,0,0,0,0,0,0,0,0,0,0,0,0,0,0,0,0,0,0,0,0,0,0,0,0,0,0,0,0,0,0,0,0,0,0,0,0,0,0,0,0,0,0,0,0,0,1,0,0,0.178571429,0,0,0.679012346,0,0,0.806451613,0,0,0,0,0,0,0.806451613,0.178571429,0,0,0,0,0.073847513,0
rd_P11_T1,test,GJ,response,0,0,0,0,0,0,0,0,0,0,0,0,0,0,0,0,0,0,0,1,0,0,0,0,0,0,0,0,0,0,0,0,0,0,0,0,0,0,0,0,0,0,0,0,0,0,0,0,0,0,0,0,0,0,0,0,0,0,0,0,0,0,0,0,0,0,0,0,0,0,0,0,0,0,0,0,0,0,0,0,0,1,0,0,0.892857143,0,3.284889578,-0.199115044,3.559907835,0.892857143,0,1.785714286,0.892857143,-0.348837209,0.892857143,2.505760369,1.671986352,0.806451613,0,0,-0.769230769,1.699308756,0,3.60614441,-0.796553173
rd_P1_T1,test,GJ,resistant,0,0,0,0,0,0,0,0,0,0,0,0,0,0,0,0,0,0,0,0,0,0,0,0,0,0,0,0,0,0,0,0,0,0,0,0,0,0,0,0,0,0,0,0,0,0,0,0,0,0,0,0,0,0,1,0,0,0,0,0,0,0,0,0,0,0,0,0,0,0,0,0,0,0,0,0,0,0,0,0,1,0,0.566037736,0,0,0,0.865534739,0,0.365168539,0.861351745,0.365168539,0.861351745,0.861351745,0.861351745,0.861351745,1.258025682,0.834029341,0.365168539,1.754208888,0.365168539,0.861351745,1.258025682,0.861351745,1.924514942,1.275312415
rd_P2_T1,test,GJ,resistant,0,0,0,0,0,0,0,0,0,0,0,0,0,0,0,0,0,0,0,0,0,0,0,0,0,0,0,0,0,0,0,0,0,0,0,0,0,0,0,0,0,0,0,0,0,0,0,0,0,0,0,0,0,0,0,0,0,0,0,0,0,0,0,0,0,0,0,0,0,0,0,0,0,0,0,0,0,0,0,0,0,0,0,0,0,0,0,0,-0.504396678,0.302054935,0.365168539,-0.504396678,0.302054935,-0.504396678,1.171620152,0.365168539,1.171620152,0.365168539,0.365168539,1.171620152,1.171620152,0.365168539,0.365168539,1.171620152,0.806451613
rd_P3_T1,test,GJ,resistant,0,0,0,0,0,0,0,0,0,0,0,0,0,0,0,0,0,0,0,0,0,0,0,0,0,0,0,0,0,0,0,0,0,0,0,0,0,0,0,0,0,0,0,0,0,0,0,0,0,0,0,0,0,0,0,0,0,0,0,0,0,0,0,0,0,0,0,0,0,0,0,0,0,0,0,0,0,0,0,0,1,0,0,0,0,0,0,0,0,0,0,0,0,0,0,0,0,0,0,0,0,0,0,0.892857143,0.892857143
rd_P6_T1,test,GJ,resistant,0,0,0,0,0,0,0,0,0,0,0,0,0,0,0,0,0,0,0,0,0,0,0,0,0,0,0,0,0,0,0,0,0,0,0,0,0,0,0,0,0,0,0,0,0,0,0,0,0,0,0,0,0,0,0,0,0,0,0,0,0,0,0,0,0,0,0,0,0,0,0,0,0,0,0,0,0,0,0,0,1,0,0,0,0,0,0,0,0,0,0,0,0,0,0,0,0,0,0,0,0,0,0,0,0
rd_P8_T1,test,GJ,resistant,0,0,0,0,0,0,0,0,0,0,0,0,0,0,1,0,0,0,0,0,0,0,0,0,0,0,0,0,0,0,0,0,0,0,0,0,0,0,0,0,0,0,0,0,0,0,0,0,0,0,0,0,0,0,0,0,0,0,0,0,0,0,0,0,0,0,0,0,0,0,0,0,0,0,0,0,0,0,0,0,0,0,0,0,0,0,-0.027322404,0,0.037220844,0,-0.869565217,0,0,0.892857143,0,1.612903226,-0.027322404,0.806451613,0,-0.869565217,-0.869565217,-0.869565217,0,-0.027322404,-0.027322404
rd_P12_T1,test,GJ,resistant,0,0,0,0,0,1,0,0,0,0,0,0,0,0,0,0,0,0,0,0,0,0,0,0,0,0,0,0,0,0,0,0,0,0,0,0,0,0,0,0,0,0,0,0,0,0,0,0,0,0,0,0,0,0,1,0,1,0,0,1,0,0,0,0,0,0,0,0,0,0,0,0,0,0,0,0,0,0,0,0,0,0,2.384820805,0.161290323,0,0.161290323,-0.151515152,0.161290323,2.150882825,0.365168539,0.365168539,0.365168539,0.365168539,0.365168539,0.365168539,0.365168539,0.365168539,0.365168539,0.365168539,0.365168539,0.365168539,0.365168539,0.365168539,0.411281845,0
rd_P13_T1,test,GJ,resistant,0,0,0,0,0,0,0,0,0,0,0,0,0,0,0,0,0,0,0,0,0,0,0,0,0,0,0,0,0,0,0,0,0,0,0,0,0,0,0,0,0,0,0,0,0,0,0,0,0,0,0,0,0,0,0,0,0,1,0,0,0,0,0,0,0,0,0,0,0,0,0,0,0,0,0,0,0,0,0,0,0,0,0.892857143,0,0,0,0,0,0.365168539,0.365168539,0.365168539,0.365168539,0.900882825,0.900882825,0.365168539,0.365168539,0.365168539,0.365168539,0.365168539,0.365168539,0.365168539,0.365168539,0.365168539,0.562796997,0
rd_P14_T1,test,GJ,resistant,0,1,0,0,0,0,0,0,0,0,0,0,0,0,0,0,0,0,0,0,0,0,0,0,0,0,0,0,0,0,0,0,0,0,0,0,0,0,0,0,0,0,0,0,0,0,0,0,0,0,0,0,0,0,0,1,0,1,0,0,0,0,0,0,0,0,0,0,0,0,0,0,0,0,0,0,0,0,0,0,0,0,1.836253369,-0.639534884,0,-0.639534884,0,0,0.365168539,0.526458862,0.365168539,0.365168539,0.365168539,0.365168539,0.365168539,0.365168539,0.365168539,0.365168539,0.365168539,0.365168539,0.365168539,0.365168539,0.365168539,0.562796997,0
F4,test,LJX,resistant,0,0,0,0,0,0,0,0,0,0,0,0,0,1,0,0,0,0,0,0,0,0,0,0,0,0,0,0,0,0,0,0,0,0,0,0,0,0,0,0,0,0,0,0,0,0,0,0,0,0,0,0,0,0,0,0,0,0,0,0,0,0,0,0,0,0,0,1,0,0,0,0,0,0,0,0,0,0,0,0,1,0,0.892857143,0.806451613,0,0.806451613,-0.027322404,0,0.365168539,0.365168539,0.365168539,0.365168539,0.365168539,0.365168539,0.365168539,0.365168539,0.337846135,0.365168539,0.365168539,0.365168539,0.365168539,0.365168539,0.365168539,0.535474593,-0.027322404
F8,test,LJX,resistant,0,0,0,1,0,0,0,0,0,0,0,0,0,0,0,0,0,0,0,0,0,0,0,0,0,0,0,0,0,1,0,0,0,0,0,0,0,0,0,0,0,0,0,0,0,0,0,0,0,0,0,0,0,0,0,0,0,0,0,0,0,0,0,0,0,0,0,0,0,0,0,0,0,0,0,0,0,0,0,0,1,0,0,0.161290323,0,0.161290323,0.779129209,0,1.258025682,0.861351745,0.365168539,0.092120976,0.861351745,0.861351745,0.861351745,0.365168539,0.834029341,1.11988552,1.952720055,0.365168539,0.861351745,0.365168539,0.861351745,1.2139352,1.420368972
F9,test,LJX,resistant,1,0,0,0,0,0,0,0,0,0,0,0,0,0,0,0,0,0,0,0,0,0,0,0,0,0,0,0,0,0,0,0,0,0,0,0,0,0,0,0,0,0,0,0,0,0,0,0,0,0,0,0,0,0,0,0,0,0,0,0,0,0,0,0,0,0,0,0,0,0,0,0,0,0,0,0,0,0,0,0,0,0,0,-0.058139535,0.806451613,-0.058139535,-0.027322404,0.925925926,0.900882825,0.365168539,0.365168539,0.365168539,0.365168539,0.365168539,0.365168539,0.365168539,0.337846135,0.543739968,0.365168539,0.365168539,0.365168539,0.365168539,0.365168539,-0.559843133,-0.027322404
F81,test,LJX,resistant,0,0,0,0,0,0,0,0,0,0,0,0,0,0,0,0,0,0,0,0,0,0,0,0,0,0,0,1,0,0,0,0,0,0,0,0,0,0,0,0,0,0,0,0,0,0,0,0,0,0,0,0,0,0,0,0,0,0,0,0,0,0,0,0,0,0,0,0,0,0,0,0,0,0,0,0,0,0,0,0,1,0,0,0.806451613,0,0.806451613,0,0,0.365168539,1.022642068,0.526458862,0.861351745,0.861351745,0.861351745,0.861351745,1.332910475,0.861351745,0.526458862,0.861351745,0.365168539,0.861351745,1.171620152,0.861351745,1.397066031,0.496183206
F89_342952,test,LJX,resistant,1,0,0,0,0,0,0,0,0,0,0,0,0,0,0,0,0,0,0,1,0,0,0,0,0,0,1,0,0,0,0,0,0,0,0,0,0,0,0,0,0,0,0,0,0,0,0,0,0,0,0,0,0,0,1,0,0,0,0,0,0,0,0,0,0,0,0,0,0,0,0,0,0,0,0,0,0,0,0,0,0,0,0.566037736,0.748312078,0.714285715,0.748312078,0.806451613,0.806451613,1.258025682,0.365168539,1.332910475,0.365168539,0.365168539,0.365168539,0.365168539,1.171620152,1.171620152,0.402389383,-0.40406223,2.139362088,0.526458862,2.139362088,0.365168539,2.003139615,0.161290323
F92_340410,test,LJX,resistant,0,0,0,0,0,0,0,0,0,0,0,0,0,0,0,0,0,0,0,0,0,0,0,0,0,0,0,0,0,0,0,0,0,0,0,0,0,0,0,0,0,0,0,0,0,0,0,0,0,0,0,0,0,0,0,0,0,0,0,0,0,0,0,0,0,0,0,0,0,0,0,0,0,0,0,0,0,0,0,0,0,0,0,0,0,0,-0.027322404,0.726810882,-0.769230769,-0.769230769,0,0,0,0,0,0,-0.027322404,0,0,0,0,0.806451613,0,0.976757667,-0.027322404
F172,test,LJX,resistant,0,0,0,0,0,0,0,0,0,0,0,0,0,0,0,0,0,0,1,0,0,0,0,0,0,0,0,0,0,0,0,0,0,0,0,0,0,0,0,0,0,0,0,0,0,0,0,0,0,0,0,0,0,0,0,0,0,0,0,0,0,0,0,0,0,0,0,0,0,0,0,0,0,0,0,0,0,0,0,0,0,0,0,0.806451613,0,0.806451613,0,0,0.806451613,0.806451613,0.806451613,0.806451613,0.806451613,0.806451613,0.806451613,0.806451613,0.806451613,1.612903226,0.806451613,0.806451613,0.806451613,0.806451613,0,1.810531684,0
F177,test,LJX,resistant,0,0,0,0,0,0,0,0,0,0,0,0,0,0,0,0,0,0,0,0,0,0,0,0,0,0,0,0,0,0,0,0,0,0,0,0,0,0,0,0,0,0,0,0,0,0,0,0,0,0,0,0,0,0,0,0,0,0,0,0,0,0,0,0,0,0,0,0,0,0,0,0,0,0,0,0,0,0,0,0,0,0,0,0,0,0,-0.027322404,0,0.806451613,0,0,0,0,0,0,0,-0.027322404,0,0,0,0,0,0.806451613,0.976757667,0.779129209
