gene	TCGA-DD-AA3A-01A	TCGA-FV-A3I0-01A	TCGA-CC-A8HV-01A	TCGA-2Y-A9H2-01A	TCGA-WX-AA44-01A	TCGA-G3-A25T-01A	TCGA-WJ-A86L-01A	TCGA-BC-A10Q-01A	TCGA-DD-AAD8-01A	TCGA-DD-A3A7-01A	F_value	p_value	group_1_median	group_2_median	group_3_median	group_1_2_k_value	group_1_2_p_value	group_1_3_k_value	group_1_3_p_value	group_2_3_k_value	group_2_3_p_value
RP11-368I23.2	9.89873564712051	0	13.3844023023837	0	13.7190531658195	0	9.94635044041234	0	0	15.2669052621319	No	0.145248335215413	13.3844023023837	9.92254304376642	0	7.5	0.721276699029156	7.5	0.196705602458947	10.5	0.118670345564583
RP11-742D12.2	7.05867884149326	0	0	6.72443850395838	0	0	0	0	0	0	No	0.619299259547686	0	0	0	6	1	6	0.504985075093846	7.5	0.563702861650773
RAB4B	15.8140600735722	16.8509812089684	17.2991289740128	16.0889525836585	16.7967500684209	16.3793884911289	16.8179900506097	15.7110779037184	16.9034094413229	18.241226987698	1.1533969515873	0.369013964798085	17.2991289740128	16.8073700595153	16.3793884911289	9	0.4	7	0.4	7	0.857142857142857
AC104183.2	0	0	0	0	0	0	0	0	0	0	No	No significance	0	0	0	6	NaN	4.5	NaN	6	NaN
C12orf5	16.101774742963	15.171735889156	15.2610472061756	15.5941980961046	15.1806906083169	16.3822031654635	15.5343078896703	16.3875075144711	15.5013558981131	13.0989405558504	No	0.220108127741685	15.2610472061756	15.3574992489936	16.3822031654635	5	0.857142857142857	1	0.2	2	0.228571428571429
RNF44	19.6302346378751	18.7505694898525	18.4192749929137	18.9529774890851	17.256134496112	17.7899617971296	18.5222066600508	18.1869051578187	16.3334867855069	16.4669894558815	0.901964063667949	0.448203692883751	18.4192749929137	18.6363880749516	17.7899617971296	4	0.628571428571429	7	0.4	10	0.228571428571429
NUP210P2	0	0	0	0	0	0	0	0	0	0	No	No significance	0	0	0	6	NaN	4.5	NaN	6	NaN
DNAH3	8.3119778916397	9.08220155621176	0	9.07256295985971	5.88695503905201	6.63304155594602	10.0085729316997	6.14387945275826	10.1842807210951	0	No	0.55183168641183	0	8.69708972392573	6.63304155594602	2	0.211798378305723	2	0.375825087488698	6	1
RPL23A	22.2343300241282	22.1193228522007	22.4753537348898	21.6412589195391	20.9214069032249	22.6902506374745	21.2923321415508	22.2867489070867	21.5741808288335	23.5023188971837	1.39498730567489	0.309106160513386	22.4753537348898	21.7058274968757	22.2867489070867	10	0.228571428571429	6	0.7	2	0.228571428571429
EHD4-AS1	11.3638217212818	11.1360216807148	12.1281743331166	0	12.9481402109652	10.3128400111033	13.2855517145806	0	12.4615315635574	0	No	0.20710400723529	0	12.1559809661235	10.3128400111033	2	0.211798378305723	3	0.642834826490804	10	0.228571428571429
RPL7L1P12	0	0	9.88825911484684	0	0	0	0	0	0	0	No	0.311403223914595	0	0	0	8	0.386476230771233	6	0.504985075093846	6	NaN
CH17-38B12.4	0	0	0	0	0	0	0	0	0	0	No	No significance	0	0	0	6	NaN	4.5	NaN	6	NaN
Y_RNA	0	0	0	0	0	0	0	0	0	0	No	No significance	0	0	0	6	NaN	4.5	NaN	6	NaN
ARL8B	18.8007850731205	18.5316346688343	19.2362384791138	18.2206249212143	19.3746607308052	19.2341935545621	19.4684700202817	19.2794605403066	19.5221118512732	18.795012978736	1.57618667933573	0.272180249170568	18.795012978736	19.0877229019628	19.2794605403066	3	0.4	1	0.2	4	0.628571428571429
RP11-166P13.4	8.30972053523435	8.08260466534808	11.0339068144244	10.1392855525371	8.67100150894033	7.84484932814745	11.4408124427678	11.4524986243602	9.57498596913272	0	No	0.0570608884060336	10.1392855525371	8.49036102208734	9.57498596913272	6	1	4	1	5	0.857142857142857
CALB2	16.0273750464918	12.6552934806584	0	12.6904858545125	12.8048836017135	14.9099435178931	0	13.4678718926325	0	0	No	0.427242621960353	0	12.7300885411859	13.4678718926325	3	0.359012053786429	2	0.353678517318465	5.5	1
MFSD3	18.5112183483724	18.3409562544337	19.1418434504807	18.3056269985253	19.4793514666136	19.959698919169	19.2918251867275	19.1572370105048	17.5097905343657	21.4846692316913	0.436950585890634	0.662488405355537	19.1418434504807	18.90152176755	19.1572370105048	6	1	5	1	6	1
AC092839.4	12.3957082839717	10.5835248127384	13.4231841067946	0	12.1730814925069	11.3444266128401	12.4433634928925	0	11.4939423873663	0	No	0.428345105536189	0	12.2843948882393	11.3444266128401	4	0.592560276916651	4	1	10	0.228571428571429
LINC00636	0	0	10.6785732408515	0	9.42950278105581	0	0	0	0	0	No	0.619299259547686	0	0	0	7	0.825497910704632	6	0.504985075093846	7.5	0.563702861650773
PIGV	17.2800579138192	16.182235076475	16.6299662967693	16.4730747248871	16.3650979235041	17.6754921115649	17.5862105709403	18.3406299138372	17.9056365621235	17.4914771091901	4.0888195322886	0.0666236416193036	16.6299662967693	16.8225779186617	17.9056365621235	7	0.857142857142857	0	0.1	0	0.0571428571428571
RP11-578F21.13	0	0	0	0	0	0	0	0	0	0	No	No significance	0	0	0	6	NaN	4.5	NaN	6	NaN
PIGFP2	0	0	0	0	0	0	0	0	0	0	No	No significance	0	0	0	6	NaN	4.5	NaN	6	NaN
CHIAP1	0	0	0	0	0	0	0	0	0	0	No	No significance	0	0	0	6	NaN	4.5	NaN	6	NaN
RP5-1071N3.1	8.09862894332798	7.87163559531892	12.3691686566919	11.3417887827685	9.45770041888659	12.2120164460365	8.14612179996102	11.302145299447	11.0989062569499	0	No	0.0375599039525882	11.3417887827685	8.1223753716445	11.302145299447	8	0.628571428571429	5	1	0	0.0571428571428571
RP13-526J3.1	0	0	0	0	0	0	0	0	0	0	No	No significance	0	0	0	6	NaN	4.5	NaN	6	NaN
ZNF708	15.0826645342047	14.7669631111059	14.4703422155219	14.7284491118676	14.3988105944277	13.8658332942308	14.1640485866024	14.1767029609718	14.946873012155	12.3034041862949	No	0.688853076248578	14.4703422155219	14.5828868527668	14.1767029609718	4	0.628571428571429	4	1	8	0.628571428571429
LINC01224	9.6841529775536	0	14.8598060882824	7.35415705896719	12.5043691885199	7.22546456705984	11.4310244469199	0	13.1204117953323	11.1266893025605	0.474579271757638	0.640794954832663	11.1266893025605	10.5575887122368	7.22546456705984	7	0.857142857142857	7	0.4	6.5	1
RP11-434D2.10	0	0	0	0	0	0	0	0	0	0	No	No significance	0	0	0	6	NaN	4.5	NaN	6	NaN
RP11-15J22.8	0	0	12.5670260101558	0	0	11.0732393793767	12.9089556071151	10.1636894854602	0	0	No	0.871953457635153	0	0	10.1636894854602	6	1	4	1	4.5	0.696466485711776
MYADML2	11.5655372334107	10.8785023673353	0	10.5768434695388	8.47198934798848	10.4474116926976	9.73994411194789	9.73058386126726	0	0	No	0.108386721871357	0	10.3092232396416	9.73058386126726	2	0.211798378305723	4	1	9	0.4
DNM3-IT1	0	12.0969402777419	10.7679819411182	10.4035217860235	12.1021613299391	0	0	0	11.4230316898983	0	No	0.760227209103508	10.4035217860235	6.04847013887095	0	5	0.854445067629532	5	1	8	0.558452157283156
PHEX	12.586869324683	12.9272100825361	11.9265617011748	10.6403995910331	13.8983942405118	13.0823927570705	14.6772395919065	11.8117419617405	8.9994020569886	11.6581728165826	3.20424264676041	0.102804972218822	11.6581728165826	13.4128021615239	11.8117419617405	0	0.0571428571428571	4	1	10	0.228571428571429
KRT8P47	0	0	0	0	0	0	0	0	0	0	No	No significance	0	0	0	6	NaN	4.5	NaN	6	NaN
MOGAT2	12.6394605555398	7.13623057802314	14.7034266127921	16.3113848391676	15.6170187530895	13.8985475824343	18.8071725971687	0	18.759607051635	15.9431782864405	No	0.553823579830759	15.9431782864405	14.1282396543147	13.8985475824343	8	0.628571428571429	6	0.7	7	0.857142857142857
RP11-411B10.8	12.5129424153583	9.47946935793862	12.0552199987019	10.9539447547292	10.0689754006549	0	0	9.33083787745922	0	0	No	0.727497176320568	10.9539447547292	9.77422237929676	0	6.5	1	7	0.353678517318465	10	0.199089852148205
PFN2	17.188671626672	15.5677675653169	18.5886353816262	17.5747981227581	13.8159869734773	16.5635053693358	14.1603016968417	14.6015710957013	15.5610876379348	18.4822080712941	6.35529952465073	0.0266927769378539	18.4822080712941	14.8640346310793	15.5610876379348	12	0.0571428571428571	9	0.1	5	0.857142857142857
RP11-189E14.5	0	0	0	0	0	9.50767086231617	10.0213467289386	0	0	0	No	0.564531407470856	0	0	0	4.5	0.563702861650773	3	0.504985075093846	6	1
CASC23	0	0	0	0	0	0	0	0	0	9.88204403233849	No	0.311403223914595	0	0	0	8	0.386476230771233	6	0.504985075093846	6	NaN
DNM1P41	8.66251814667713	0	0	0	0	0	8.71006634527981	0	0	0	No	0.188875602837562	0	4.33125907333856	0	3	0.270289384801699	4.5	NaN	9	0.270289384801699
RP11-640I15.1	13.0190805367871	11.5690954928238	12.5613308453197	13.8745620049767	12.5740794470545	9.74662580529901	12.2595099825159	9.83638591024661	13.8946105991355	13.333409214132	1.76126532021949	0.24011674275766	13.333409214132	12.4167947147852	9.83638591024661	10	0.228571428571429	6	0.7	8	0.628571428571429
RMND5A	17.1913298090836	16.8886297571208	17.8943699059912	17.4436744197487	18.9873547708567	18.1602338500784	19.2912653132697	17.9733786032502	19.2574392994704	17.2602953204004	0.814103750188922	0.480973453363226	17.4436744197487	18.0893422899702	18.1602338500784	6	1	0	0.1	5	0.857142857142857
AC092301.3	13.5989411166575	11.8858855576056	13.404177733922	13.154981954258	11.1543940292032	10.3259879351568	12.646713739506	9.41683731349233	11.4749409066769	0	No	0.977529046252995	13.154981954258	12.2662996485558	10.3259879351568	6	1	6	0.7	11	0.114285714285714
SNORA40	0	0	0	0	0	0	0	0	0	0	No	No significance	0	0	0	6	NaN	4.5	NaN	6	NaN
RP11-114O18.1	0	0	0	0	0	0	0	0	0	0	No	No significance	0	0	0	6	NaN	4.5	NaN	6	NaN
RAD23A	20.1810438427296	20.5523569125093	20.5399477408873	19.7291241301941	19.4324922574712	19.8279522599864	19.7842960351393	20.4988421151941	20.1727236783091	20.8128986634182	0.534923580814022	0.60787538379502	20.5399477408873	19.9826699389344	20.1727236783091	8	0.628571428571429	6	0.7	5	0.857142857142857
RP11-642P15.1	12.0967406094058	12.3441329893519	11.673803665053	10.5726459506348	11.8564268492978	11.4822105831698	12.5941113704453	10.822342948895	12.8814460750863	8.86367715209883	3.2586130436201	0.099939372378954	10.5726459506348	12.2204367993788	11.4822105831698	0	0.0571428571428571	2	0.4	8	0.628571428571429
U1	0	0	0	0	0	0	0	0	12.6857595732833	0	No	0.311403223914595	0	0	0	6	NaN	3	0.504985075093846	4	0.386476230771233
OR2D2	0	0	0	0	0	0	0	0	0	0	No	No significance	0	0	0	6	NaN	4.5	NaN	6	NaN
SERPINB11	0	0	7.55246767637232	0	0	0	0	0	0	0	No	0.311403223914595	0	0	0	8	0.386476230771233	6	0.504985075093846	6	NaN
RP1-278O22.2	0	0	10.887497743486	0	0	9.39466235736072	0	0	0	0	No	0.468012974920706	0	0	0	8	0.386476230771233	5	1	4	0.386476230771233
RP11-725G5.2	0	0	8.66789505493538	10.3007896526269	10.584924431667	13.1244828324221	13.4918753867351	11.0680135628158	14.6773024468567	11.343966562532	No	0.314424217059762	10.3007896526269	5.2924622158335	13.1244828324221	7	0.858427290260402	1	0.2	2	0.211798378305723
SIN3B	16.932066464367	16.875185586739	17.7893590962091	16.5031206614717	16.4097712796868	15.9423544587292	16.9725924020809	16.5481874940183	16.7304410087823	16.5229764601388	0.988862501882767	0.418563251079721	16.5229764601388	16.903626025553	16.5481874940183	6	1	5	1	10	0.228571428571429
AC007611.1	0	0	0	0	0	0	0	0	0	0	No	No significance	0	0	0	6	NaN	4.5	NaN	6	NaN
LINC00705	11.770225514608	11.1799705882815	8.6311429108963	0	10.9629014217579	12.3814789867626	8.65114436541727	10.2243490675813	0	0	No	0.428345105536189	0	11.0714360050197	10.2243490675813	0	0.049745990721503	2	0.353678517318465	7	0.857142857142857
RPL7P17	0	9.64296475426758	0	0	11.2319438311839	9.40457677370105	0	0	0	0	No	0.408813828813125	0	4.82148237713379	0	3	0.270289384801699	3	0.504985075093846	8	0.558452157283156
TLL2	10.2841854330988	11.3967063768182	9.99013137432057	9.847972754769	9.7401163774253	10.4954932298802	8.42799624543514	10.2485065090334	9.06180358367952	11.5857872968481	0.266005429779759	0.773846564326216	9.99013137432057	10.0121509052621	10.2485065090334	8	0.628571428571429	5	1	6	1
CTC-360J11.7	0	0	0	0	0	0	0	0	0	0	No	No significance	0	0	0	6	NaN	4.5	NaN	6	NaN
RP11-344N17.8	0	0	0	0	0	0	0	0	0	0	No	No significance	0	0	0	6	NaN	4.5	NaN	6	NaN
CTSA	19.8377969149248	20.6798255799045	20.3832710932418	19.8306978363674	20.3603085470811	21.1578246928778	20.2072105600826	20.8171395049969	20.3173188396691	20.3803250122522	2.21372586293061	0.179895482013671	20.3803250122522	20.2837595535819	20.8171395049969	6	1	2	0.4	2	0.228571428571429
HCG4P5	18.4439200177181	13.8293104286436	17.1413107649668	18.0676900729479	18.2101728488194	12.7542062384229	18.5510289213148	14.791442378821	16.710936188427	16.4657197418093	1.83592476522249	0.22856209799463	17.1413107649668	18.3270464332687	14.791442378821	3	0.4	8	0.2	10	0.228571428571429
IL32	20.758710011865	20.9765355804587	18.8287573082819	21.0117813141168	22.047442368997	21.3332861797514	21.9969475353262	21.2620846392699	22.2857381473234	24.6433049630278	No	0.727470509024282	21.0117813141168	21.4867415578925	21.3332861797514	6	1	3	0.7	4	0.628571428571429
RP11-43F13.3	17.9596558853181	14.4414585756168	12.840460568713	15.579024823892	13.1355746084538	16.1700344672917	16.2131235801555	17.4684445252448	0	10.725768050984	No	0.408421910119327	12.840460568713	15.3272910778861	16.1700344672917	2	0.228571428571429	3	0.7	7	0.857142857142857
RP11-927P21.2	11.2402122438961	10.0131188160972	11.2678131690089	0	11.6023708235997	12.358246668344	13.0947994774729	9.86441942762194	10.9233228711798	0	No	0.194524896420897	0	11.4212915337479	10.9233228711798	2	0.211798378305723	2	0.375825087488698	8	0.628571428571429
ASS1P7	0	0	0	9.77371869383376	0	0	10.1580826036788	0	0	0	No	0.564531407470856	0	0	0	6	1	6	0.504985075093846	7.5	0.563702861650773
PRKRIRP4	0	0	0	0	0	0	0	0	0	0	No	No significance	0	0	0	6	NaN	4.5	NaN	6	NaN
PTPN4	15.7209036373615	14.9102386630318	14.6711855721648	14.885316251115	14.6230690822514	14.716386995746	15.4214402745448	14.7914487977494	15.1443186077022	13.5692118485435	2.07171166002327	0.196461718545295	14.6711855721648	15.1658394687883	14.7914487977494	2	0.228571428571429	2	0.4	8	0.628571428571429
NUCB2	17.6970113801361	18.3553829929901	17.4502003104135	16.5693454946892	18.3553424463245	16.8882825567463	18.0506717213594	17.0575425236658	19.0209013789411	18.6944485885629	0.398689721852937	0.685524213630711	17.4502003104135	18.2030070838419	17.0575425236658	4	0.628571428571429	4	1	8	0.628571428571429
RP11-334C17.6	16.6975350649917	14.2997743104349	16.2921922925021	16.4129195852405	15.3049606558142	16.5635053693358	14.3122969107594	15.1508913099386	14.2106366444068	17.9223384195502	2.44575749088864	0.156499510784094	16.4129195852405	14.8086287832868	15.1508913099386	10	0.228571428571429	7	0.4	7	0.857142857142857
SERPINB12	0	0	0	0	0	0	0	0	0	0	No	No significance	0	0	0	6	NaN	4.5	NaN	6	NaN
RP11-709D24.5	10.2563365912208	0	0	0	0	9.20603256067867	8.72128032154409	0	0	0	No	0.447067418409246	0	4.36064016077204	0	3	0.270289384801699	3	0.504985075093846	7	0.84535586035979
RP11-369E15.3	10.6658834651098	0	0	0	11.0279772751512	10.1996161647069	11.7130888613592	0	0	0	No	0.1080154756324	0	10.8469303701305	0	1.5	0.118670345564583	3	0.504985075093846	10	0.199089852148205
GGT3P	0	11.8068058506677	7.98017107087107	0	0	0	8.99732364813046	0	8.63343550222168	0	No	0.880801423946989	0	4.49866182406523	0	4	0.558452157283156	4	1	8	0.558452157283156
TMEM143	16.3512669345831	15.4722126890527	15.4437107333436	15.9463206361486	16.3328350498351	17.1320823379554	15.9891501674218	17.6050480619371	17.7943594854639	16.3234350709225	15.3334797463855	0.00276682163197038	15.9463206361486	16.1609926086285	17.6050480619371	3	0.4	0	0.1	0	0.0571428571428571
DACH1	9.55997197215391	11.8748703588371	11.1712598307953	10.543868324518	11.4233761226689	11.8288152591493	9.8297019772867	11.0564612188372	10.9787041201778	9.09745062328376	0.82991495042519	0.474854299511379	10.543868324518	10.6265390499778	11.0564612188372	4	0.628571428571429	2	0.4	5	0.857142857142857
RP11-19N8.3	0	0	0	0	0	0	0	0	0	0	No	No significance	0	0	0	6	NaN	4.5	NaN	6	NaN
Metazoa_SRP	11.2299481684001	0	0	0	11.5921058023879	0	0	0	0	0	No	0.188875602837562	0	5.61497408420005	0	3	0.270289384801699	4.5	NaN	9	0.270289384801699
COLCA1	13.9133552474755	12.648880900659	13.9042562919609	12.9731536891056	12.2241922055969	15.9559856038432	11.6466791540032	14.7825865219697	10.8672643090186	13.7203897324876	0.60784921323698	0.570935999580591	13.7203897324876	12.436536553128	14.7825865219697	9	0.4	3	0.7	4	0.628571428571429
CTC-273B12.7	0	0	0	0	0	0	0	0	0	0	No	No significance	0	0	0	6	NaN	4.5	NaN	6	NaN
RN7SL560P	11.325067061406	0	0	0	0	0	0	0	0	0	No	0.472366552741017	0	0	0	4.5	0.563702861650773	4.5	NaN	7.5	0.563702861650773
BMP2KL	0	0	0	0	0	0	0	0	0	0	No	No significance	0	0	0	6	NaN	4.5	NaN	6	NaN
RNU6-820P	0	0	0	0	0	0	0	0	0	0	No	No significance	0	0	0	6	NaN	4.5	NaN	6	NaN
RP11-1007J8.1	12.2399140159188	11.4272834710102	11.6827043876615	11.3181325135625	0	0	12.2875682326494	10.2790699485591	0	0	No	0.239058165325658	11.3181325135625	11.8335987434645	0	3.5	0.475532659596901	7	0.353678517318465	10	0.199089852148205
FGF23	0	14.5242036730754	0	0	0	11.4309007855544	0	9.75637394384453	0	0	No	0.244008929336878	0	0	9.75637394384453	4.5	0.563702861650773	1.5	0.196705602458947	4.5	0.696466485711776
RP11-638L3.4	0	0	0	0	0	0	0	0	0	0	No	No significance	0	0	0	6	NaN	4.5	NaN	6	NaN
SERTAD2	17.1309495116277	18.1396296748724	17.4034013020849	16.4637829433646	17.5201047690978	16.6303225102266	17.9788179618921	16.2657456535681	17.7776621739092	17.1815179525106	1.98132585803227	0.208035993549697	17.1815179525106	17.749461365495	16.6303225102266	2	0.228571428571429	5	1	10	0.228571428571429
AC104012.1	0	0	0	0	0	0	0	0	0	0	No	No significance	0	0	0	6	NaN	4.5	NaN	6	NaN
ST3GAL6	15.1471577807998	16.8377814053045	16.8334202617925	14.8397413367289	16.5432719269641	15.132569987845	16.0173674216194	13.0604378278013	17.9472106052968	15.949069271068	0.220702683351141	0.807329401547072	15.949069271068	16.2803196742917	15.132569987845	4	0.628571428571429	5	1	8	0.628571428571429
RP11-861E21.1	15.8834957814925	12.748897212611	12.0045447070497	13.9615139938706	0	11.5104695622012	0	0	0	0	No	0.543163539005998	12.0045447070497	6.3744486063055	0	6	1	7	0.353678517318465	8	0.558452157283156
AC010739.1	0	0	0	0	0	0	0	0	0	0	No	No significance	0	0	0	6	NaN	4.5	NaN	6	NaN
BX649553.3	0	0	0	0	0	0	0	0	0	0	No	No significance	0	0	0	6	NaN	4.5	NaN	6	NaN
PKP2	15.7493418957132	14.9136662562006	15.1882224374429	14.8645967205967	15.3501293808723	14.2599429105149	18.0587598581286	14.0867794042564	16.6119775073154	12.4093469558054	1.46505481616257	0.294106070381602	14.8645967205967	15.5497356382928	14.2599429105149	1	0.114285714285714	4	1	9	0.4
RP11-809N15.2	0	0	0	0	0	0	0	0	0	0	No	No significance	0	0	0	6	NaN	4.5	NaN	6	NaN
RNU6-453P	0	0	0	0	0	0	0	0	0	0	No	No significance	0	0	0	6	NaN	4.5	NaN	6	NaN
TRIM51HP	0	0	0	0	0	0	0	0	0	0	No	No significance	0	0	0	6	NaN	4.5	NaN	6	NaN
CTB-13F3.1	15.8885650674596	14.3127951607494	15.3567604905652	16.2035512394076	12.0287851963117	13.521593286981	14.2988468567333	13.4050142562717	15.6221600234968	16.6291829793554	2.3264345619986	0.168007279391503	16.2035512394076	14.3058210087414	13.521593286981	11	0.114285714285714	8	0.2	7	0.857142857142857
RP11-70F11.2	0	0	0	0	0	10.5325792940098	0	0	0	0	No	0.311403223914595	0	0	0	6	NaN	3	0.504985075093846	4	0.386476230771233
AP005242.1	0	0	0	0	0	0	0	0	0	0	No	No significance	0	0	0	6	NaN	4.5	NaN	6	NaN
KRT1	0	10.1834035807943	0	8.75438671825953	9.45247965367093	0	16.6593677770306	7.71825038811683	0	0	No	0.654333622770749	0	9.81794161723261	0	2	0.199089852148205	5	1	10	0.199089852148205
CTD-2591A1.1	10.9296593149613	9.48065412351056	0	8.78774677228209	10.0701607234863	0	9.17173218950845	7.75153001704566	11.9748120948395	0	No	0.397579546293317	0	9.77540742349843	7.75153001704566	0	0.049745990721503	3	0.642834826490804	8	0.628571428571429
AC026185.1	0	0	0	0	0	0	11.9739778328046	0	0	0	No	0.472366552741017	0	0	0	4.5	0.563702861650773	4.5	NaN	7.5	0.563702861650773
PDLIM1P3	0	0	0	0	0	0	0	0	0	0	No	No significance	0	0	0	6	NaN	4.5	NaN	6	NaN
RNU6-1273P	0	0	0	0	0	0	0	0	0	0	No	No significance	0	0	0	6	NaN	4.5	NaN	6	NaN
RNA5SP218	0	0	0	0	0	0	0	0	0	0	No	No significance	0	0	0	6	NaN	4.5	NaN	6	NaN
RP5-1025A1.3	13.6547650914038	15.1993873597043	13.4193627442184	14.8619363316918	12.4322428102462	0	11.7027500086304	0	10.7534907284636	13.1915625732724	No	0.0543065867692626	13.4193627442184	13.043503950825	0	7	0.857142857142857	9	0.0765225004750592	12	0.049745990721503
RAET1K	12.7282956295544	12.0599546242873	12.5080154243812	11.3135615775445	11.8428393335761	11.5989768011901	12.4349705637272	11.4258632303742	12.4852992792675	10.6028011332003	1.28932012974111	0.333641157831711	11.3135615775445	12.2474625940072	11.5989768011901	3	0.4	3	0.7	9	0.4
RP11-173L6.1	0	0	0	0	0	0	0	0	0	0	No	No significance	0	0	0	6	NaN	4.5	NaN	6	NaN
RP11-343C2.9	0	0	0	0	0	0	0	0	0	0	No	No significance	0	0	0	6	NaN	4.5	NaN	6	NaN
AP002495.1	14.3466001814996	15.118677766773	0	13.009620020602	14.7088758311465	12.8801159563683	14.3942618406719	13.9698760108657	0	0	No	0.032132471120036	0	14.5515688359092	12.8801159563683	0	0.049745990721503	3	0.642834826490804	12	0.0571428571428571
AL360178.1	0	0	0	0	0	0	0	0	0	0	No	No significance	0	0	0	6	NaN	4.5	NaN	6	NaN
AC007682.3	0	0	0	0	0	0	0	0	0	0	No	No significance	0	0	0	6	NaN	4.5	NaN	6	NaN
CTD-3099C6.5	0	0	0	0	0	9.12352154492403	0	0	0	0	No	0.311403223914595	0	0	0	6	NaN	3	0.504985075093846	4	0.386476230771233
Y_RNA	0	0	0	12.3596620693511	0	0	0	0	0	0	No	0.311403223914595	0	0	0	8	0.386476230771233	6	0.504985075093846	6	NaN
DDX11L10	8.62185856596755	9.39244631673886	0	0	0	0	10.2520017338067	8.24620613628263	0	9.74159561126597	No	0.602362080578754	0	9.00715244135321	0	4	0.582079651929502	5	1	10	0.199089852148205
SLC45A4	15.9413154983175	16.2850937322232	17.1689794535077	17.1777121571766	17.3808350507316	15.4101790944131	12.7028686976156	14.6452617000823	13.1703815007585	12.2268099424427	0.311499344943512	0.741997910165906	17.1689794535077	16.1132046152703	14.6452617000823	6	1	6	0.7	9	0.4
AP006222.1	0	0	0	0	0	0	0	0	0	0	No	No significance	0	0	0	6	NaN	4.5	NaN	6	NaN
RP11-789C7.1	0	0	0	0	0	0	0	0	0	0	No	No significance	0	0	0	6	NaN	4.5	NaN	6	NaN
RNA5SP128	0	0	0	0	0	0	0	0	0	0	No	No significance	0	0	0	6	NaN	4.5	NaN	6	NaN
MTRF1	15.2882170371921	14.491189269785	15.3158285848971	14.9059533422098	15.2585885537863	14.5949972782981	15.2972347942938	15.1510165024046	16.9869580048132	16.2557939019674	0.383441569156268	0.694991419032473	15.3158285848971	15.2734027954892	15.1510165024046	9	0.4	5	1	6	1
RP11-63P12.7	10.8738127519991	12.6453752030364	16.1860775164775	11.5364436278655	12.8204967027299	11.406968751764	12.9208936744192	0	14.3634311462853	18.2235847482514	No	0.303944824954369	16.1860775164775	12.7329359528831	11.406968751764	9	0.4	8	0.2	7	0.857142857142857
RP11-212F11.1	0	0	0	0	0	9.73656635923426	0	0	0	0	No	0.311403223914595	0	0	0	6	NaN	3	0.504985075093846	4	0.386476230771233
uc_338	0	0	0	0	0	0	0	0	0	0	No	No significance	0	0	0	6	NaN	4.5	NaN	6	NaN
MTND5P14	0	0	0	0	0	0	0	0	0	0	No	No significance	0	0	0	6	NaN	4.5	NaN	6	NaN
IGSF11-AS1	0	0	0	0	0	0	0	0	0	0	No	No significance	0	0	0	6	NaN	4.5	NaN	6	NaN
U8	0	0	0	0	0	0	0	0	0	0	No	No significance	0	0	0	6	NaN	4.5	NaN	6	NaN
AC055736.4	0	0	0	0	0	0	0	0	0	0	No	No significance	0	0	0	6	NaN	4.5	NaN	6	NaN
RP11-265E18.1	13.1552776007277	10.7581339928995	13.5978855472069	13.9701265858648	13.8070177589566	9.52055370794376	12.6180503689287	11.608911585223	13.4756400874519	14.1069938421462	2.23201900403464	0.177894073392922	13.9701265858648	12.8866639848282	11.608911585223	11	0.114285714285714	9	0.1	8	0.628571428571429
AC009133.15	0	0	0	0	0	0	0	0	0	0	No	No significance	0	0	0	6	NaN	4.5	NaN	6	NaN
RARRES2P7	0	0	0	0	0	0	12.5433602440423	0	0	0	No	0.472366552741017	0	0	0	4.5	0.563702861650773	4.5	NaN	7.5	0.563702861650773
MTND2P28	22.3383489437306	22.8062594518583	23.4432483449931	23.4114403476142	23.9451925540231	18.9697862231374	24.583221216493	21.0208863046069	23.245393028999	19.9097950655681	1.6057852839472	0.266697681254909	23.4114403476142	23.3757260029407	21.0208863046069	4	0.628571428571429	7	0.4	10	0.228571428571429
FMO7P	12.1061916004504	0	0	0	0	0	12.6391812446994	0	13.7889303286633	0	No	0.447067418409246	0	6.0530958002252	0	3	0.270289384801699	3	0.504985075093846	6	1
ESM1	15.2857482578306	16.2957001904407	15.5473660036536	15.436675754952	15.3904362381687	14.6861866461316	16.5712546966706	16.8511251236462	17.2445171719142	15.0718686257971	0.849866460286816	0.467274863932862	15.436675754952	15.8430682143047	16.8511251236462	4	0.628571428571429	3	0.7	4	0.628571428571429
RP11-76I23.7	0	0	0	0	0	0	0	0	0	0	No	No significance	0	0	0	6	NaN	4.5	NaN	6	NaN
AC006458.3	0	0	0	0	0	0	10.066969075744	0	0	0	No	0.472366552741017	0	0	0	4.5	0.563702861650773	4.5	NaN	7.5	0.563702861650773
RP11-379J13.1	0	0	0	0	0	0	0	0	0	0	No	No significance	0	0	0	6	NaN	4.5	NaN	6	NaN
RWDD2A	15.8822622019671	15.6543725746164	16.4628001666206	14.6613497278354	15.4974808592308	15.6244132648733	16.8545491379577	14.4347372908749	15.5824069237844	15.0797249314995	1.02432153249512	0.407193690195633	15.0797249314995	15.7683173882917	15.5824069237844	3	0.4	5	1	10	0.228571428571429
LINC00592	9.34321565168577	14.2424564841802	9.37078577434724	12.7045627534588	0	13.7813794523678	9.39080737452435	12.4239420938753	0	11.4632214418675	No	0.477252124016648	11.4632214418675	9.36701151310506	12.4239420938753	8	0.628571428571429	4	1	5.5	1
ENTPD1-AS1	11.2160684511476	9.69979735716146	9.24545298312427	11.0046092514901	10.8739777239153	10.6826193595794	10.8045010507028	10.9346115542719	11.4395138420949	10.4637323280247	0.996062237271057	0.416222022219455	10.4637323280247	10.839239387309	10.9346115542719	4	0.628571428571429	2	0.4	4	0.628571428571429
LINC01181	0	10.0234507879317	0	0	0	0	0	0	0	0	No	0.472366552741017	0	0	0	4.5	0.563702861650773	4.5	NaN	7.5	0.563702861650773
AC096670.3	10.9467241266706	8.9839857247696	9.97503941396911	9.6107535470971	8.98919767198555	11.9127202869005	11.1318035133801	9.24969197264009	10.3081673220768	0	No	0.727470509024282	9.6107535470971	9.96796089932808	10.3081673220768	4	0.628571428571429	2	0.4	4	0.628571428571429
RP11-569A11.2	0	0	0	11.520551382581	0	0	0	0	0	0	No	0.311403223914595	0	0	0	8	0.386476230771233	6	0.504985075093846	6	NaN
PPIAP6	13.2135095518643	13.9855528892634	12.4338757310474	0	10.7691206996083	13.6399491203856	13.0388005954189	11.029948036331	12.0892979159243	15.3351101901205	No	0.904837418035958	12.4338757310474	13.1261550736416	12.0892979159243	5	0.857142857142857	5	1	7	0.857142857142857
RP11-760D2.1	0	0	0	0	0	0	0	0	0	0	No	No significance	0	0	0	6	NaN	4.5	NaN	6	NaN
SCFD2	16.9315049730248	17.1259892772593	15.9243634428391	16.3046461331911	16.4115412784508	16.03342056443	15.8669719773531	15.8308344345279	16.5594583264083	16.5400543812793	0.917514438924697	0.4427058218741	16.3046461331911	16.6715231257378	16.03342056443	4	0.628571428571429	5	1	9	0.4
GFOD1-AS1	0	0	0	10.6576668223352	0	0	12.6267138558663	0	0	0	No	0.619299259547686	0	0	0	6	1	6	0.504985075093846	7.5	0.563702861650773
YWHAB	20.424211907692	20.9574134946657	20.361799184152	20.5601305351678	19.6900260684941	21.015696791388	19.6752825631303	21.1632363125895	19.917195214477	20.7986151320335	0.815364291240025	0.480481900646524	20.5601305351678	20.0571189880931	21.015696791388	8	0.628571428571429	3	0.7	2	0.228571428571429
ZNRD1-AS1_2	0	0	0	0	0	0	0	0	0	0	No	No significance	0	0	0	6	NaN	4.5	NaN	6	NaN
TMEM155	9.39376512984778	9.58064797109996	10.6425262706676	10.0558889432267	11.8697726101669	8.34449525254434	9.44135933824478	8.43408872384642	8.49362849896675	0	No	0.0428521268670402	10.0558889432267	9.51100365467237	8.43408872384642	6	1	6	0.7	12	0.0571428571428571
RP11-624L4.1	9.70795639728391	12.5229759156238	13.0194185839213	7.37784473953528	9.6552741595353	8.82776507491336	10.0771585020594	8.33396344268923	14.6180704907466	10.4139683290049	0.0125385098404354	0.987561896510907	10.4139683290049	9.89255744967165	8.82776507491336	7	0.857142857142857	4	1	8	0.628571428571429
TOMM40	19.2815880224332	19.210444900398	19.2382801823246	18.6595654645169	18.8676059761489	19.907280706813	19.1080622523473	19.2340555731263	19.5548821032829	20.5725687170319	0.643438923889572	0.553955476007059	19.2382801823246	19.1592535763726	19.5548821032829	7	0.857142857142857	4	1	1	0.114285714285714
RP5-1153D9.5	9.0861533904134	9.85715916291299	11.9188363295577	10.7472502329783	0	0	11.1318035133801	0	10.7672885689091	0	No	0.295778279438899	10.7472502329783	9.4716562766632	0	7.5	0.721276699029156	6	0.642834826490804	8	0.582079651929502
PRSS48	0	9.19364426026726	9.44875025367664	0	0	8.95537489161577	0	0	0	0	No	0.914434405145793	0	0	0	7	0.825497910704632	5	1	6	1
RP11-544M22.3	13.5193558906947	0	11.9622443519374	13.9192058805555	0	0	12.9821127436025	11.5580042450221	14.6172919791005	0	No	0.907760961273884	11.9622443519374	6.49105637180125	11.5580042450221	7	0.854445067629532	4.5	1	5	0.854445067629532
ADTRP	12.6721522768346	12.1224330064354	10.1862090905142	12.3351245946738	12.297543258923	11.407489921623	16.5088181733244	8.97612591576545	13.5566488766984	12.1724730345633	1.23597371208562	0.346980976103748	12.1724730345633	12.4848477678788	11.407489921623	3	0.4	5	1	9	0.4
NDUFAF2	18.2856898897247	17.9582616516692	18.5536156850731	17.4846602814572	17.2567948579631	18.6435109771716	17.3572046194315	17.9764701279212	18.7794384685266	20.5242677173899	1.42011743926067	0.303615551773136	18.5536156850731	17.6577331355504	18.6435109771716	10	0.228571428571429	4	1	1	0.114285714285714
SEPSECS	15.9081009298551	15.6492957483265	16.456383417526	17.016931293562	16.9899074821365	15.8359963442736	17.6967862988297	15.9508466568506	17.8462013668732	17.0724993938998	0.116120586332563	0.892047519231016	17.016931293562	16.4490042059958	15.9508466568506	8	0.628571428571429	6	0.7	5	0.857142857142857
RP11-435I10.5	10.0619100465482	0	0	0	0	0	0	0	0	0	No	0.472366552741017	0	0	0	4.5	0.563702861650773	4.5	NaN	7.5	0.563702861650773
RP3-522J7.7	12.1752747277072	9.36429718673893	11.7879455473993	12.5750789492746	9.95374681218335	0	11.2232302598069	10.2144702058917	12.5951256060729	0	No	0.323171165900533	11.7879455473993	10.5884885359951	10.2144702058917	7	0.857142857142857	4.5	1	6	1
DCDC2C	0	0	8.60256568603916	0	0	0	0	8.19940877222937	0	0	No	0.468012974920706	0	0	0	8	0.386476230771233	5	1	4	0.386476230771233
CWC27	18.0546703389307	17.8315657492155	16.9768482500199	16.896017479657	16.284450057364	17.3463614451244	15.9529043056913	17.3069756319981	16.729947980889	17.6246159711258	0.0303704195872921	0.970213226166567	16.9768482500199	17.0580079032897	17.3069756319981	6	1	5	1	6	1
RNA5SP37	12.3468079154767	0	12.3744148962719	13.5945242068752	12.7090374375773	0	13.3943288383624	13.5548684823047	14.0295812606012	0	No	0.698586932414853	12.3744148962719	12.527922676527	13.5548684823047	6.5	1	3.5	0.824778095082513	3.5	0.475532659596901
CTD-2517M22.16	0	0	0	0	0	0	0	0	0	0	No	No significance	0	0	0	6	NaN	4.5	NaN	6	NaN
RP11-430C7.4	13.4127208945725	13.725369782982	13.8877549844551	13.0756698544822	10.3165797384979	0	12.323030568097	10.5773566682336	0	0	No	0.220033569577974	13.0756698544822	12.8678757313347	0	6	1	7	0.353678517318465	11	0.108408299981465
RP11-311D14.1	0	0	0	0	0	0	0	0	0	0	No	No significance	0	0	0	6	NaN	4.5	NaN	6	NaN
FO082796.1	0	0	0	0	0	0	0	0	0	0	No	No significance	0	0	0	6	NaN	4.5	NaN	6	NaN
SMARCE1P1	0	8.93207336728817	9.18709984359823	0	0	0	0	0	9.84154780373829	0	No	0.859524330529086	0	0	0	7	0.825497910704632	4	1	5	0.825497910704632
RP11-416A17.6	12.1327274228342	11.1681738823967	10.8388781513246	11.7957261173331	10.1740183900468	10.3449813386177	9.85969555764135	11.0193908990253	13.078571375636	0	No	0.553823579830759	10.8388781513246	10.6710961362217	11.0193908990253	5	0.857142857142857	3	0.7	4	0.628571428571429
RP11-181C3.1	11.6338907782575	11.8209793334087	13.7391569924764	14.6963358296646	14.2181958867678	13.4564653500614	14.211691405743	13.9937459389837	15.2339760758758	13.170348371985	1.1510030676295	0.369679156330509	13.7391569924764	13.0163353695758	13.9937459389837	8	0.628571428571429	3	0.7	4	0.628571428571429
RP13-349O20.2	13.9766708138119	14.0966932583207	0	14.2675998323113	11.8798235977929	13.6356192066161	12.1500935653936	13.7254738824357	0	0	No	0.68250353145747	0	13.0633821896028	13.6356192066161	4	0.592560276916651	4	1	8	0.628571428571429
CTD-2004A9.1	0	0	0	0	0	0	0	0	0	0	No	No significance	0	0	0	6	NaN	4.5	NaN	6	NaN
RP11-1046B16.3	0	0	10.3559530774874	0	11.6899673461108	12.1828716514043	10.3759895614704	11.5359431972181	12.0105533471504	0	No	0.067531488720176	0	5.1879947807352	12.0105533471504	4	0.558452157283156	0	0.0765225004750592	1	0.108408299981465
LHX5	0	7.53914199552286	0	0	0	0	0	0	0	10.4669580676261	No	0.619299259547686	0	0	0	7	0.825497910704632	6	0.504985075093846	7.5	0.563702861650773
MYOM2	14.9667869835357	14.8309268562901	9.19807075107447	14.474833829359	14.1933331925667	15.9883587111543	8.63433673804436	13.4352417444535	11.0740259817081	8.70820878723108	0.781524205333177	0.493905363726214	9.19807075107447	14.5121300244284	13.4352417444535	4	0.628571428571429	2	0.4	6	1
RP11-247A12.1	0	0	14.2910485301903	12.1192478613614	0	0	13.0888014239769	0	12.1392933056997	0	No	0.589001279458776	12.1192478613614	0	0	8.5	0.435279343218142	6	0.642834826490804	6	1
CTD-2528L19.4	0	0	0	0	0	0	10.8008227646693	0	0	0	No	0.472366552741017	0	0	0	4.5	0.563702861650773	4.5	NaN	7.5	0.563702861650773
MTND6P7	0	0	0	0	0	0	0	0	0	0	No	No significance	0	0	0	6	NaN	4.5	NaN	6	NaN
EVX1	11.7455450363867	16.1946590867267	8.68877462142857	14.9130799151195	11.0206476016322	11.7150467741743	10.2914400231119	13.2810620835797	10.6634439292701	11.587203500143	0.0515950749400432	0.95007107787215	11.587203500143	11.3830963190095	11.7150467741743	5	0.857142857142857	4	1	6	1
GLYATL1P1	8.72216476506415	0	10.3324386195975	8.38597777305175	0	0	11.5742365706881	11.1499896384251	10.9873818943099	0	No	0.966696231588058	8.38597777305175	4.36108238253208	10.9873818943099	6	1	2.5	0.50655516904904	5	0.854445067629532
MAP9	13.8032917213538	14.3816170410881	10.4548618307933	14.9636497507081	11.5732572090105	14.4191124600701	10.1126188458258	14.9185170803224	9.94072911590369	9.96442125040072	No	0.153006828590877	10.4548618307933	12.6882744651822	14.4191124600701	5	0.857142857142857	5	1	4	0.628571428571429
RNU7-147P	0	0	0	0	0	0	0	0	0	0	No	No significance	0	0	0	6	NaN	4.5	NaN	6	NaN
RNU1-47P	0	0	12.0481235257786	14.005100570881	15.3824953914676	0	17.2377688345917	12.6436512245379	15.0251060123579	16.3118309533259	No	0.792217538817635	14.005100570881	7.6912476957338	12.6436512245379	7	0.858427290260402	6	0.7	7	0.854445067629532
APIP	16.3901142689421	16.349796056602	17.0740525954734	16.137859628761	16.8026597297301	16.5020619168131	16.5385902502165	16.339978747744	17.0032158397868	14.412649975718	No	0.727470509024285	16.137859628761	16.4643522595793	16.5020619168131	4	0.628571428571429	3	0.7	6	1
AC010295.1	0	0	0	0	0	0	0	0	0	0	No	No significance	0	0	0	6	NaN	4.5	NaN	6	NaN
RP11-430H12.2	8.56134813352451	0	0	0	0	10.6767618146382	0	0	14.4884783879576	0	No	0.328020589703275	0	0	10.6767618146382	4.5	0.563702861650773	1.5	0.196705602458947	2.5	0.241886599408831
MAF1	20.4823679784762	20.3494584969333	20.2802760160857	20.7489176718522	21.0706132605341	21.2115411765043	19.5580903041426	20.1641691932829	18.8070456512139	21.5998711838762	0.721255038288109	0.519030146265559	20.7489176718522	20.4159132377047	20.1641691932829	8	0.628571428571429	7	0.4	7	0.857142857142857
RP1-274L7.3	0	0	0	0	0	0	0	0	0	0	No	No significance	0	0	0	6	NaN	4.5	NaN	6	NaN
FOXP1	17.1354644111314	16.8875208968945	16.7530118592009	16.8386355760002	17.5481386704971	17.2830588510253	15.9607485001225	18.1873158669566	17.5227665583835	17.6684779207192	1.64285891361014	0.260029139755339	16.8386355760002	17.011492654013	17.5227665583835	6	1	2	0.4	2	0.228571428571429
OR5L2	0	0	0	0	0	0	0	0	0	0	No	No significance	0	0	0	6	NaN	4.5	NaN	6	NaN
PLCE1	15.6280959983097	14.0535187967836	14.3631834917865	13.8453298181387	13.6583770508072	13.0267328348683	14.9575010541602	12.6210188954054	15.2684816654091	13.3734338987344	0.862406734891622	0.462590396173712	13.8453298181387	14.5055099254719	13.0267328348683	3	0.4	6	0.7	9	0.4
PRAMEF4	0	0	10.1466963481698	0	8.89816643472977	0	14.1351813308016	0	13.8008760396173	10.6554607542735	No	0.760227209103508	10.1466963481698	4.44908321736489	0	7	0.854445067629532	5	1	7	0.84535586035979
RAD17	17.7825544332309	16.8904854033276	16.8028627960705	16.5720491456555	16.7035357565229	17.2190172564873	17.3074399138849	17.8006544642994	17.1305142272935	16.9073989908148	2.08862510902139	0.194388573809072	16.8028627960705	17.0989626586062	17.2190172564873	3	0.4	0	0.1	4	0.628571428571429
RP11-550F7.1	12.4916095032805	13.9265229282638	10.9347459250033	12.739446596637	9.27102455825355	11.4403093642447	0	13.4366723536202	0	0	No	0.538178377333364	10.9347459250033	10.881317030767	11.4403093642447	5.5	1	3.5	0.824778095082513	6.5	1
AC005086.2	0	0	0	0	0	0	11.6422270155127	0	0	0	No	0.472366552741017	0	0	0	4.5	0.563702861650773	4.5	NaN	7.5	0.563702861650773
RP11-270L13.1	0	0	0	0	0	0	0	0	0	0	No	No significance	0	0	0	6	NaN	4.5	NaN	6	NaN
CICP17	0	0	0	0	0	0	0	8.78051223511235	8.84008811366431	0	No	0.0748257955923243	0	0	8.78051223511235	6	NaN	1.5	0.196705602458947	2	0.122744682325921
SPCS2	19.1465088078872	19.056836968925	19.2849012424216	18.6565425830068	19.1440510113267	18.6525529785115	18.4547606935955	18.3057409842087	18.1892831870185	19.3685141382885	4.10856909006425	0.0660203306531019	19.2849012424216	19.1004439901259	18.3057409842087	9	0.4	9	0.1	11	0.114285714285714
RP11-493L12.6	0	0	15.8940343256434	10.1382758044327	0	0	13.3292399943978	0	14.742060188244	0	No	0.555982071492116	10.1382758044327	0	0	8.5	0.435279343218142	6	0.642834826490804	5	0.825497910704632
DGCR11	15.4756594191417	15.5363905189346	12.8078346396616	15.5918279310454	14.8476178882456	15.6100606883725	14.6079616704362	15.4419892353448	14.8221161514838	13.9632296963035	No	0.546322698709377	13.9632296963035	15.1616386536937	15.4419892353448	4	0.628571428571429	2	0.4	5	0.857142857142857
SETDB2	15.1108223641079	13.5444498627162	14.6455631964885	14.8265080466902	15.3067957572812	15.151327963172	14.1460700808478	14.9416354044398	16.0048958470987	15.6309344756038	1.35114010691735	0.318995673664608	14.8265080466902	14.6284462224778	15.151327963172	8	0.628571428571429	2	0.4	3	0.4
RP13-554M15.2	12.5500246973117	12.1966668785621	13.9467215192415	12.3284559966486	0	8.50219959627031	13.919469225362	12.0478491608063	12.6480104572413	11.0872025103814	No	0.704688089718712	12.3284559966486	12.3733457879369	12.0478491608063	7	0.857142857142857	6	0.7	7	0.857142857142857
