gene	TCGA-CC-A8HV-01A	TCGA-2Y-A9H2-01A	TCGA-DD-AAD8-01A	TCGA-DD-A3A7-01A	TCGA-DD-AA3A-01A	TCGA-FV-A3I0-01A	TCGA-WX-AA44-01A	TCGA-G3-A25T-01A	TCGA-WJ-A86L-01A	TCGA-BC-A10Q-01A	t_value	p_value	groupA_median	groupB_median	fc_median
RP11-368I23.2	13.3844023023837	0	0	15.2669052621319	9.89873564712051	0	13.7190531658195	0	9.94635044041234	0	0.321380056342385	0.760290880526568	4.97317522020617	4.94936782356026	0.0238073966459149
RP11-742D12.2	0	6.72443850395838	0	0	7.05867884149326	0	0	0	0	0	0.245953217537314	0.814161348125026	0	0	0
RAB4B	17.2991289740128	16.0889525836585	16.9034094413229	18.241226987698	15.8140600735722	16.8509812089684	16.7967500684209	16.3793884911289	16.8179900506097	15.7110779037184	1.49126350494764	0.204198536251411	16.8606997459663	16.5880692797749	0.272630466191401
AC104183.2	0	0	0	0	0	0	0	0	0	0	NaN	NaN	0	0	0
C12orf5	15.2610472061756	15.5941980961046	15.5013558981131	13.0989405558504	16.101774742963	15.171735889156	15.1806906083169	16.3822031654635	15.5343078896703	16.3875075144711	-1.4597206711482	0.219183028487062	15.5178318938917	15.4276226511401	0.0902092427515981
RNF44	18.4192749929137	18.9529774890851	16.3334867855069	16.4669894558815	19.6302346378751	18.7505694898525	17.256134496112	17.7899617971296	18.5222066600508	18.1869051578187	-1.08594296662758	0.331989197570668	17.3269473068501	18.5849222413831	-1.257974934533
NUP210P2	0	0	0	0	0	0	0	0	0	0	NaN	NaN	0	0	0
DNAH3	0	9.07256295985971	10.1842807210951	0	8.3119778916397	9.08220155621176	5.88695503905201	6.63304155594602	10.0085729316997	6.14387945275826	-0.996420943923613	0.385006721098109	8.07622619222898	7.47250972379286	0.60371646843612
RPL23A	22.4753537348898	21.6412589195391	21.5741808288335	23.5023188971837	22.2343300241282	22.1193228522007	20.9214069032249	22.6902506374745	21.2923321415508	22.2867489070867	0.709308629734597	0.508630273849677	21.9304648679601	22.1768264381645	-0.24636157020435
EHD4-AS1	12.1281743331166	0	12.4615315635574	0	11.3638217212818	11.1360216807148	12.9481402109652	10.3128400111033	13.2855517145806	0	-0.904182309404468	0.407757823599228	6.2307657817787	11.2499217009983	-5.0191559192196
RPL7L1P12	9.88825911484684	0	0	0	0	0	0	0	0	0	1	0.391002218955771	0	0	0
CH17-38B12.4	0	0	0	0	0	0	0	0	0	0	NaN	NaN	0	0	0
Y_RNA	0	0	0	0	0	0	0	0	0	0	NaN	NaN	0	0	0
ARL8B	19.2362384791138	18.2206249212143	19.5221118512732	18.795012978736	18.8007850731205	18.5316346688343	19.3746607308052	19.2341935545621	19.4684700202817	19.2794605403066	-0.534370328951999	0.617441107390957	19.3739652802942	19.0174893138413	0.356475966452848
RP11-166P13.4	11.0339068144244	10.1392855525371	9.57498596913272	0	8.30972053523435	8.08260466534808	8.67100150894033	7.84484932814745	11.4408124427678	11.4524986243602	-0.604195966729512	0.583354110792558	10.5078992059503	8.49036102208734	2.01753818386292
CALB2	0	12.6904858545125	0	0	16.0273750464918	12.6552934806584	12.8048836017135	14.9099435178931	0	13.4678718926325	-2.13323201506785	0.0755706220886078	0	12.747684728113	-12.747684728113
MFSD3	19.1418434504807	18.3056269985253	17.5097905343657	21.4846692316913	18.5112183483724	18.3409562544337	19.4793514666136	19.959698919169	19.2918251867275	19.1572370105048	-0.0144325594392687	0.989267953758647	19.2245310986162	18.8265308994266	0.3980001991896
AC092839.4	13.4231841067946	0	11.4939423873663	0	12.3957082839717	10.5835248127384	12.1730814925069	11.3444266128401	12.4433634928925	0	-0.870764522222679	0.425127699179805	5.74697119368315	11.7587540526735	-6.01178285899035
LINC00636	10.6785732408515	0	0	0	0	0	9.42950278105581	0	0	0	0.354454953191369	0.737254235951221	0	0	0
PIGV	16.6299662967693	16.4730747248871	17.9056365621235	17.4914771091901	17.2800579138192	16.182235076475	16.3650979235041	17.6754921115649	17.5862105709403	18.3406299138372	-0.235437445170592	0.820228356526331	17.7459235665319	16.5515205108282	1.1944030557037
RP11-578F21.13	0	0	0	0	0	0	0	0	0	0	NaN	NaN	0	0	0
PIGFP2	0	0	0	0	0	0	0	0	0	0	NaN	NaN	0	0	0
CHIAP1	0	0	0	0	0	0	0	0	0	0	NaN	NaN	0	0	0
RP5-1071N3.1	12.3691686566919	11.3417887827685	11.0989062569499	0	8.09862894332798	7.87163559531892	9.45770041888659	12.2120164460365	8.14612179996102	11.302145299447	-0.269865227887661	0.802805486422023	9.62251402845546	10.3997446008275	-0.777230572372087
RP13-526J3.1	0	0	0	0	0	0	0	0	0	0	NaN	NaN	0	0	0
ZNF708	14.4703422155219	14.7284491118676	14.946873012155	12.3034041862949	15.0826645342047	14.7669631111059	14.3988105944277	13.8658332942308	14.1640485866024	14.1767029609718	-0.465921982358048	0.668485576044291	14.1703757737871	14.5993956636948	-0.42901988990765
LINC01224	14.8598060882824	7.35415705896719	13.1204117953323	11.1266893025605	9.6841529775536	0	12.5043691885199	7.22546456705984	11.4310244469199	0	1.72538327510172	0.122999854929343	11.2788568747402	8.5191550182604	2.7597018564798
RP11-434D2.10	0	0	0	0	0	0	0	0	0	0	NaN	NaN	0	0	0
RP11-15J22.8	12.5670260101558	0	0	0	0	0	0	11.0732393793767	12.9089556071151	10.1636894854602	-0.62798566570289	0.55114654391503	5.0818447427301	0	5.0818447427301
MYADML2	0	10.5768434695388	0	0	11.5655372334107	10.8785023673353	8.47198934798848	10.4474116926976	9.73994411194789	9.73058386126726	-2.79613621777189	0.0639933766263846	4.86529193063363	10.5121275811182	-5.64683565048457
DNM3-IT1	10.7679819411182	10.4035217860235	11.4230316898983	0	0	12.0969402777419	12.1021613299391	0	0	0	1.10270346208393	0.305497895848778	0	10.5857518635708	-10.5857518635708
PHEX	11.9265617011748	10.6403995910331	8.9994020569886	11.6581728165826	12.586869324683	12.9272100825361	13.8983942405118	13.0823927570705	14.6772395919065	11.8117419617405	-3.02417094247379	0.0273463077533606	11.7349573891616	12.7570397036095	-1.022082314448
KRT8P47	0	0	0	0	0	0	0	0	0	0	NaN	NaN	0	0	0
MOGAT2	14.7034266127921	16.3113848391676	18.759607051635	15.9431782864405	12.6394605555398	7.13623057802314	15.6170187530895	13.8985475824343	18.8071725971687	0	1.75893919126258	0.129890254844887	17.3513926690378	14.3009870976132	3.05040557142455
RP11-411B10.8	12.0552199987019	10.9539447547292	0	0	12.5129424153583	9.47946935793862	10.0689754006549	0	0	9.33083787745922	-0.28608675993378	0.785061411808743	0	10.511460077692	-10.511460077692
PFN2	18.5886353816262	17.5747981227581	15.5610876379348	18.4822080712941	17.188671626672	15.5677675653169	13.8159869734773	16.5635053693358	14.1603016968417	14.6015710957013	2.50011717395317	0.0439850068913036	15.081329366818	16.8760884980039	-1.79475913118585
RP11-189E14.5	0	0	0	0	0	0	0	9.50767086231617	10.0213467289386	0	-1.5803190243901	0.17487232693288	0	0	0
CASC23	0	0	0	9.88204403233849	0	0	0	0	0	0	1	0.391002218955771	0	0	0
DNM1P41	0	0	0	0	8.66251814667713	0	0	0	8.71006634527981	0	-1.58112994693658	0.174689812558166	0	0	0
RP11-640I15.1	12.5613308453197	13.8745620049767	13.8946105991355	13.333409214132	13.0190805367871	11.5690954928238	12.5740794470545	9.74662580529901	12.2595099825159	9.83638591024661	2.9289948686342	0.0209284950612202	12.7964595983239	12.5677051461871	0.228754452136849
RMND5A	17.8943699059912	17.4436744197487	19.2574392994704	17.2602953204004	17.1913298090836	16.8886297571208	18.9873547708567	18.1602338500784	19.2912653132697	17.9733786032502	-0.198409830116866	0.848496820647197	18.6154089513603	17.66902216287	0.946386788490351
AC092301.3	13.404177733922	13.154981954258	11.4749409066769	0	13.5989411166575	11.8858855576056	11.1543940292032	10.3259879351568	12.646713739506	9.41683731349233	-0.612585116338788	0.580595716261398	10.4458891100846	12.5204337559318	-2.07454464584719
SNORA40	0	0	0	0	0	0	0	0	0	0	NaN	NaN	0	0	0
RP11-114O18.1	0	0	0	0	0	0	0	0	0	0	NaN	NaN	0	0	0
RAD23A	20.5399477408873	19.7291241301941	20.1727236783091	20.8128986634182	20.1810438427296	20.5523569125093	19.4324922574712	19.8279522599864	19.7842960351393	20.4988421151941	0.903985798603733	0.39943800660911	20.3357828967516	20.004498051358	0.331284845393604
RP11-642P15.1	11.673803665053	10.5726459506348	12.8814460750863	8.86367715209883	12.0967406094058	12.3441329893519	11.8564268492978	11.4822105831698	12.5941113704453	10.822342948895	-0.972605905048452	0.391940779768409	11.7082271596701	11.7651152571754	-0.0568880975052508
U1	0	0	12.6857595732833	0	0	0	0	0	0	0	1	0.391002218955771	0	0	0
OR2D2	0	0	0	0	0	0	0	0	0	0	NaN	NaN	0	0	0
SERPINB11	7.55246767637232	0	0	0	0	0	0	0	0	0	1	0.391002218955771	0	0	0
RP1-278O22.2	10.887497743486	0	0	0	0	0	0	9.39466235736072	0	0	0.368171588107614	0.727857699176104	0	0	0
RP11-725G5.2	8.66789505493538	10.3007896526269	14.6773024468567	11.343966562532	0	0	10.584924431667	13.1244828324221	13.4918753867351	11.0680135628158	1.11206022024531	0.302738067836896	12.4179209746335	9.48434235378114	2.93357862085241
SIN3B	17.7893590962091	16.5031206614717	16.7304410087823	16.5229764601388	16.932066464367	16.875185586739	16.4097712796868	15.9423544587292	16.9725924020809	16.5481874940183	0.789323139965066	0.467702779960904	16.6393142514003	16.6891531241054	-0.0498388727050525
AC007611.1	0	0	0	0	0	0	0	0	0	0	NaN	NaN	0	0	0
LINC00705	8.6311429108963	0	0	0	11.770225514608	11.1799705882815	10.9629014217579	12.3814789867626	8.65114436541727	10.2243490675813	-3.91579382008476	0.0239096355237311	4.32557218270864	11.0714360050197	-6.74586382231107
RPL7P17	0	0	0	0	0	9.64296475426758	11.2319438311839	9.40457677370105	0	0	-2.22176595649027	0.0769572096973832	0	4.70228838685053	-4.70228838685053
TLL2	9.99013137432057	9.847972754769	9.06180358367952	11.5857872968481	10.2841854330988	11.3967063768182	9.7401163774253	10.4954932298802	8.42799624543514	10.2485065090334	0.034033552855839	0.973918921948133	9.65515504635646	10.1371584037097	-0.482003357353227
CTC-360J11.7	0	0	0	0	0	0	0	0	0	0	NaN	NaN	0	0	0
RP11-344N17.8	0	0	0	0	0	0	0	0	0	0	NaN	NaN	0	0	0
CTSA	20.3832710932418	19.8306978363674	20.3173188396691	20.3803250122522	19.8377969149248	20.6798255799045	20.3603085470811	21.1578246928778	20.2072105600826	20.8171395049969	-1.20599712886439	0.262632621919848	20.3488219259606	20.3717898201614	-0.0229678942008
HCG4P5	17.1413107649668	18.0676900729479	16.710936188427	16.4657197418093	18.4439200177181	13.8293104286436	18.2101728488194	12.7542062384229	18.5510289213148	14.791442378821	0.891266475206214	0.406910852236528	16.5883279651181	17.6045004189574	-1.0161724538392
IL32	18.8287573082819	21.0117813141168	22.2857381473234	24.6433049630278	20.758710011865	20.9765355804587	22.047442368997	21.3332861797514	21.9969475353262	21.2620846392699	0.240283595846575	0.824735879379733	22.1413428413248	20.9941584472878	1.14718439403705
RP11-43F13.3	12.840460568713	15.579024823892	0	10.725768050984	17.9596558853181	14.4414585756168	13.1355746084538	16.1700344672917	16.2131235801555	17.4684445252448	-1.75101205144727	0.170136914274715	13.4694458155697	15.0102416997544	-1.54079588418465
RP11-927P21.2	11.2678131690089	0	10.9233228711798	0	11.2402122438961	10.0131188160972	11.6023708235997	12.358246668344	13.0947994774729	9.86441942762194	-1.79136205639329	0.166505919534165	10.3938711494009	11.2540127064525	-0.86014155705163
ASS1P7	0	9.77371869383376	0	0	0	0	0	0	10.1580826036788	0	0.252440101965033	0.809446514288038	0	0	0
PRKRIRP4	0	0	0	0	0	0	0	0	0	0	NaN	NaN	0	0	0
PTPN4	14.6711855721648	14.885316251115	15.1443186077022	13.5692118485435	15.7209036373615	14.9102386630318	14.6230690822514	14.716386995746	15.4214402745448	14.7914487977494	-1.1866640220668	0.292719612654579	14.9678837027258	14.8008516234305	0.1670320792953
NUCB2	17.4502003104135	16.5693454946892	19.0209013789411	18.6944485885629	17.6970113801361	18.3553829929901	18.3553424463245	16.8882825567463	18.0506717213594	17.0575425236658	0.319934956269217	0.763989445770344	18.3725601549611	17.5736058452748	0.798954309686351
RP11-334C17.6	16.2921922925021	16.4129195852405	14.2106366444068	17.9223384195502	16.6975350649917	14.2997743104349	15.3049606558142	16.5635053693358	14.3122969107594	15.1508913099386	0.939186123610401	0.391600590163529	14.731594110349	16.3525559388713	-1.6209618285223
SERPINB12	0	0	0	0	0	0	0	0	0	0	NaN	NaN	0	0	0
RP11-709D24.5	0	0	0	0	10.2563365912208	0	0	9.20603256067867	8.72128032154409	0	-2.22573961302999	0.0765738200970591	0	0	0
RP11-369E15.3	0	0	0	0	10.6658834651098	0	11.0279772751512	10.1996161647069	11.7130888613592	0	-3.15014632814925	0.0253747687411868	0	5.09980808235345	-5.09980808235345
GGT3P	7.98017107087107	0	8.63343550222168	0	0	11.8068058506677	0	0	8.99732364813046	0	0.209646340705799	0.839768765106889	4.31671775111084	0	4.31671775111084
TMEM143	15.4437107333436	15.9463206361486	17.7943594854639	16.3234350709225	16.3512669345831	15.4722126890527	16.3328350498351	17.1320823379554	15.9891501674218	17.6050480619371	-0.173617640722703	0.868595213040626	16.9642415664298	16.1395778429919	0.824663723437947
DACH1	11.1712598307953	10.543868324518	10.9787041201778	9.09745062328376	9.55997197215391	11.8748703588371	11.4233761226689	11.8288152591493	9.8297019772867	11.0564612188372	-0.772188944113224	0.465557914931	10.4042030487322	11.2973179767321	-0.89311492799985
RP11-19N8.3	0	0	0	0	0	0	0	0	0	0	NaN	NaN	0	0	0
Metazoa_SRP	0	0	0	0	11.2299481684001	0	11.5921058023879	0	0	0	-1.58084029588625	0.174754982843605	0	0	0
COLCA1	13.9042562919609	12.9731536891056	10.8672643090186	13.7203897324876	13.9133552474755	12.648880900659	12.2241922055969	15.9559856038432	11.6466791540032	14.7825865219697	-0.683574999529826	0.515143590916894	12.6835344432454	13.4387049905332	-0.75517054728785
CTC-273B12.7	0	0	0	0	0	0	0	0	0	0	NaN	NaN	0	0	0
RN7SL560P	0	0	0	0	11.325067061406	0	0	0	0	0	-1	0.363217467649123	0	0	0
BMP2KL	0	0	0	0	0	0	0	0	0	0	NaN	NaN	0	0	0
RNU6-820P	0	0	0	0	0	0	0	0	0	0	NaN	NaN	0	0	0
RP11-1007J8.1	11.6827043876615	11.3181325135625	0	0	12.2399140159188	11.4272834710102	0	0	12.2875682326494	10.2790699485591	-0.473521173821932	0.652353791243564	5.13953497427955	11.3727079922864	-6.2331730180068
FGF23	0	0	0	0	0	14.5242036730754	0	11.4309007855544	0	9.75637394384453	-2.17694711919453	0.081425990680082	0	0	0
RP11-638L3.4	0	0	0	0	0	0	0	0	0	0	NaN	NaN	0	0	0
SERTAD2	17.4034013020849	16.4637829433646	17.7776621739092	17.1815179525106	17.1309495116277	18.1396296748724	17.5201047690978	16.6303225102266	17.9788179618921	16.2657456535681	-0.173042123077932	0.867028306154976	17.4795900632099	17.2671754068563	0.212414656353594
AC104012.1	0	0	0	0	0	0	0	0	0	0	NaN	NaN	0	0	0
ST3GAL6	16.8334202617925	14.8397413367289	17.9472106052968	15.949069271068	15.1471577807998	16.8377814053045	16.5432719269641	15.132569987845	16.0173674216194	13.0604378278013	1.08328765526052	0.315817111933138	15.9832183463437	15.8452148538819	0.138003492461753
RP11-861E21.1	12.0045447070497	13.9615139938706	0	0	15.8834957814925	12.748897212611	0	11.5104695622012	0	0	-0.0410451239040743	0.968486227638254	0	12.3767209598304	-12.3767209598304
AC010739.1	0	0	0	0	0	0	0	0	0	0	NaN	NaN	0	0	0
BX649553.3	0	0	0	0	0	0	0	0	0	0	NaN	NaN	0	0	0
PKP2	15.1882224374429	14.8645967205967	16.6119775073154	12.4093469558054	15.7493418957132	14.9136662562006	15.3501293808723	14.2599429105149	18.0587598581286	14.0867794042564	-0.602053384910858	0.57045142547831	15.3493784557859	15.0509443468217	0.298434108964152
RP11-809N15.2	0	0	0	0	0	0	0	0	0	0	NaN	NaN	0	0	0
RNU6-453P	0	0	0	0	0	0	0	0	0	0	NaN	NaN	0	0	0
TRIM51HP	0	0	0	0	0	0	0	0	0	0	NaN	NaN	0	0	0
CTB-13F3.1	15.3567604905652	16.2035512394076	15.6221600234968	16.6291829793554	15.8885650674596	14.3127951607494	12.0287851963117	13.521593286981	14.2988468567333	13.4050142562717	3.43233582926781	0.010147783722201	14.9605034401151	14.8347778256573	0.12572561445775
RP11-70F11.2	0	0	0	0	0	0	0	10.5325792940098	0	0	-1	0.363217467649123	0	0	0
AP005242.1	0	0	0	0	0	0	0	0	0	0	NaN	NaN	0	0	0
KRT1	0	8.75438671825953	0	0	0	10.1834035807943	9.45247965367093	0	16.6593677770306	7.71825038811683	-1.50475477586028	0.170989774947638	3.85912519405841	4.37719335912977	-0.51806816507135
CTD-2591A1.1	0	8.78774677228209	11.9748120948395	0	10.9296593149613	9.48065412351056	10.0701607234863	0	9.17173218950845	7.75153001704566	-0.77953751863552	0.472886005390839	8.46163110327706	9.13420044789632	-0.672569344619269
AC026185.1	0	0	0	0	0	0	0	0	11.9739778328046	0	-1	0.363217467649123	0	0	0
PDLIM1P3	0	0	0	0	0	0	0	0	0	0	NaN	NaN	0	0	0
RNU6-1273P	0	0	0	0	0	0	0	0	0	0	NaN	NaN	0	0	0
RNA5SP218	0	0	0	0	0	0	0	0	0	0	NaN	NaN	0	0	0
RP5-1025A1.3	13.4193627442184	14.8619363316918	10.7534907284636	13.1915625732724	13.6547650914038	15.1993873597043	12.4322428102462	0	11.7027500086304	0	1.42752360297369	0.204437272859695	11.228120368547	13.5370639178111	-2.3089435492641
RAET1K	12.5080154243812	11.3135615775445	12.4852992792675	10.6028011332003	12.7282956295544	12.0599546242873	11.8428393335761	11.5989768011901	12.4349705637272	11.4258632303742	-0.564779777209431	0.601350409738789	11.9304168970507	11.9513969789317	-0.0209800818810013
RP11-173L6.1	0	0	0	0	0	0	0	0	0	0	NaN	NaN	0	0	0
RP11-343C2.9	0	0	0	0	0	0	0	0	0	0	NaN	NaN	0	0	0
AP002495.1	0	13.009620020602	0	0	14.3466001814996	15.118677766773	14.7088758311465	12.8801159563683	14.3942618406719	13.9698760108657	-3.3616075225421	0.0424952067923164	6.98493800543285	13.6781101010508	-6.69317209561795
AL360178.1	0	0	0	0	0	0	0	0	0	0	NaN	NaN	0	0	0
AC007682.3	0	0	0	0	0	0	0	0	0	0	NaN	NaN	0	0	0
CTD-3099C6.5	0	0	0	0	0	0	0	9.12352154492403	0	0	-1	0.363217467649123	0	0	0
Y_RNA	0	12.3596620693511	0	0	0	0	0	0	0	0	1	0.391002218955771	0	0	0
DDX11L10	0	0	0	9.74159561126597	8.62185856596755	9.39244631673886	0	0	10.2520017338067	8.24620613628263	-1.17114802817823	0.282870534161583	8.9939008737743	0	8.9939008737743
SLC45A4	17.1689794535077	17.1777121571766	13.1703815007585	12.2268099424427	15.9413154983175	16.2850937322232	17.3808350507316	15.4101790944131	12.7028686976156	14.6452617000823	-0.313730126478623	0.767668863528373	12.9366250991871	16.7270365928654	-3.7904114936784
AP006222.1	0	0	0	0	0	0	0	0	0	0	NaN	NaN	0	0	0
RP11-789C7.1	0	0	0	0	0	0	0	0	0	0	NaN	NaN	0	0	0
RNA5SP128	0	0	0	0	0	0	0	0	0	0	NaN	NaN	0	0	0
MTRF1	15.3158285848971	14.9059533422098	16.9869580048132	16.2557939019674	15.2882170371921	14.491189269785	15.2585885537863	14.5949972782981	15.2972347942938	15.1510165024046	1.73253692673765	0.165439787851286	15.7765143481306	15.0822709479981	0.694243400132549
RP11-63P12.7	16.1860775164775	11.5364436278655	14.3634311462853	18.2235847482514	10.8738127519991	12.6453752030364	12.8204967027299	11.406968751764	12.9208936744192	0	1.99127214235537	0.082010751330697	13.6421624103522	12.0909094154509	1.5512529949013
RP11-212F11.1	0	0	0	0	0	0	0	9.73656635923426	0	0	-1	0.363217467649123	0	0	0
uc_338	0	0	0	0	0	0	0	0	0	0	NaN	NaN	0	0	0
MTND5P14	0	0	0	0	0	0	0	0	0	0	NaN	NaN	0	0	0
IGSF11-AS1	0	0	0	0	0	0	0	0	0	0	NaN	NaN	0	0	0
U8	0	0	0	0	0	0	0	0	0	0	NaN	NaN	0	0	0
AC055736.4	0	0	0	0	0	0	0	0	0	0	NaN	NaN	0	0	0
RP11-265E18.1	13.5978855472069	13.9701265858648	13.4756400874519	14.1069938421462	13.1552776007277	10.7581339928995	13.8070177589566	9.52055370794376	12.6180503689287	11.608911585223	2.80235425454109	0.0340290212016356	13.0468452281903	13.3765815739673	-0.329736345777
AC009133.15	0	0	0	0	0	0	0	0	0	0	NaN	NaN	0	0	0
RARRES2P7	0	0	0	0	0	0	0	0	12.5433602440423	0	-1	0.363217467649123	0	0	0
MTND2P28	23.4432483449931	23.4114403476142	23.245393028999	19.9097950655681	22.3383489437306	22.8062594518583	23.9451925540231	18.9697862231374	24.583221216493	21.0208863046069	0.187300741823706	0.856485639331098	22.133139666803	23.1088498997362	-0.975710232933299
FMO7P	0	0	13.7889303286633	0	12.1061916004504	0	0	0	12.6391812446994	0	-0.156588576339608	0.880543368980764	6.3195906223497	0	6.3195906223497
ESM1	15.5473660036536	15.436675754952	17.2445171719142	15.0718686257971	15.2857482578306	16.2957001904407	15.3904362381687	14.6861866461316	16.5712546966706	16.8511251236462	-0.0363448447051684	0.972199584300009	16.7111899101584	15.4135559965604	1.29763391359805
RP11-76I23.7	0	0	0	0	0	0	0	0	0	0	NaN	NaN	0	0	0
AC006458.3	0	0	0	0	0	0	0	0	10.066969075744	0	-1	0.363217467649123	0	0	0
RP11-379J13.1	0	0	0	0	0	0	0	0	0	0	NaN	NaN	0	0	0
RWDD2A	16.4628001666206	14.6613497278354	15.5824069237844	15.0797249314995	15.8822622019671	15.6543725746164	15.4974808592308	15.6244132648733	16.8545491379577	14.4347372908749	-0.422484857937428	0.686131815140608	15.331065927642	15.6393929197449	-0.308326992102899
LINC00592	9.37078577434724	12.7045627534588	0	11.4632214418675	9.34321565168577	14.2424564841802	0	13.7813794523678	9.39080737452435	12.4239420938753	-0.4115731231649	0.694636462193873	10.4270144081959	11.037674263903	-0.610659855707096
ENTPD1-AS1	9.24545298312427	11.0046092514901	11.4395138420949	10.4637323280247	11.2160684511476	9.69979735716146	10.8739777239153	10.6826193595794	10.8045010507028	10.9346115542719	-0.314273854560049	0.768216102207202	10.8695563024874	10.7782985417474	0.0912577607399996
LINC01181	0	0	0	0	0	10.0234507879317	0	0	0	0	-1	0.363217467649123	0	0	0
AC096670.3	9.97503941396911	9.6107535470971	10.3081673220768	0	10.9467241266706	8.9839857247696	8.98919767198555	11.9127202869005	11.1318035133801	9.24969197264009	-1.07036962614583	0.357106345835167	9.77892964735845	9.79289648053311	-0.0139668331746599
RP11-569A11.2	0	11.520551382581	0	0	0	0	0	0	0	0	1	0.391002218955771	0	0	0
PPIAP6	12.4338757310474	0	12.0892979159243	15.3351101901205	13.2135095518643	13.9855528892634	10.7691206996083	13.6399491203856	13.0388005954189	11.029948036331	-0.768489828340216	0.495498777674788	12.5640492556716	12.8236926414558	-0.25964338578425
RP11-760D2.1	0	0	0	0	0	0	0	0	0	0	NaN	NaN	0	0	0
SCFD2	15.9243634428391	16.3046461331911	16.5594583264083	16.5400543812793	16.9315049730248	17.1259892772593	16.4115412784508	16.03342056443	15.8669719773531	15.8308344345279	-0.12768468299909	0.901628592482652	16.2035131793162	16.3580937058209	-0.154580526504748
GFOD1-AS1	0	10.6576668223352	0	0	0	0	0	0	12.6267138558663	0	0.164925010972942	0.874079884148094	0	0	0
YWHAB	20.361799184152	20.5601305351678	19.917195214477	20.7986151320335	20.424211907692	20.9574134946657	19.6900260684941	21.015696791388	19.6752825631303	21.1632363125895	-0.235705349959496	0.819666715491023	20.3579051732553	20.4921712214299	-0.134266048174648
ZNRD1-AS1_2	0	0	0	0	0	0	0	0	0	0	NaN	NaN	0	0	0
TMEM155	10.6425262706676	10.0558889432267	8.49362849896675	0	9.39376512984778	9.58064797109996	11.8697726101669	8.34449525254434	9.44135933824478	8.43408872384642	-0.875063556837365	0.441126140006835	8.46385861140659	9.81826845716333	-1.35440984575675
RP11-624L4.1	13.0194185839213	7.37784473953528	14.6180704907466	10.4139683290049	9.70795639728391	12.5229759156238	9.6552741595353	8.82776507491336	10.0771585020594	8.33396344268923	0.888305998302468	0.426287157947515	10.2455634155321	9.68161527840961	0.563948137122544
TOMM40	19.2382801823246	18.6595654645169	19.5548821032829	20.5725687170319	19.2815880224332	19.210444900398	18.8676059761489	19.907280706813	19.1080622523473	19.2340555731263	0.560320505035694	0.606974270122102	19.3944688382046	19.2243625413613	0.170106296843301
RP5-1153D9.5	11.9188363295577	10.7472502329783	10.7672885689091	0	9.0861533904134	9.85715916291299	0	0	11.1318035133801	0	0.93034255058765	0.385361891961592	5.38364428445455	9.4716562766632	-4.08801199220865
PRSS48	9.44875025367664	0	0	0	0	9.19364426026726	0	8.95537489161577	0	0	-0.217986884879714	0.834084554955021	0	4.47768744580789	-4.47768744580789
RP11-544M22.3	11.9622443519374	13.9192058805555	14.6172919791005	0	13.5193558906947	0	0	0	12.9821127436025	11.5580042450221	0.849354758942466	0.425087990797036	12.2700584943123	5.9811221759687	6.2889363183436
ADTRP	10.1862090905142	12.3351245946738	13.5566488766984	12.1724730345633	12.6721522768346	12.1224330064354	12.297543258923	11.407489921623	16.5088181733244	8.97612591576545	-0.220609855327396	0.830970300160919	12.8645609556309	12.2099881326792	0.65457282295165
NDUFAF2	18.5536156850731	17.4846602814572	18.7794384685266	20.5242677173899	18.2856898897247	17.9582616516692	17.2567948579631	18.6435109771716	17.3572046194315	17.9764701279212	1.38463981036384	0.243294620650702	18.3779542982239	18.1219757706969	0.255978527526949
SEPSECS	16.456383417526	17.016931293562	17.8462013668732	17.0724993938998	15.9081009298551	15.6492957483265	16.9899074821365	15.8359963442736	17.6967862988297	15.9508466568506	1.73048809231809	0.12216792205378	17.3846428463647	16.1822421736906	1.2024006726742
RP11-435I10.5	0	0	0	0	10.0619100465482	0	0	0	0	0	-1	0.363217467649122	0	0	0
RP3-522J7.7	11.7879455473993	12.5750789492746	12.5951256060729	0	12.1752747277072	9.36429718673893	9.95374681218335	0	11.2232302598069	10.2144702058917	0.116754767782794	0.911545739767698	10.7188502328493	10.8708461797913	-0.151995946942025
DCDC2C	8.60256568603916	0	0	0	0	0	0	0	0	8.19940877222937	0.307710101129201	0.769852243614193	0	0	0
CWC27	16.9768482500199	16.896017479657	16.729947980889	17.6246159711258	18.0546703389307	17.8315657492155	16.284450057364	17.3463614451244	15.9529043056913	17.3069756319981	-0.183897748369706	0.858984392730641	17.0184618064436	17.1616048475721	-0.143143041128599
RNA5SP37	12.3744148962719	13.5945242068752	14.0295812606012	0	12.3468079154767	0	12.7090374375773	0	13.3943288383624	13.5548684823047	0.307410722320474	0.768005921023804	13.4745986603335	12.3606114058743	1.11398725445925
CTD-2517M22.16	0	0	0	0	0	0	0	0	0	0	NaN	NaN	0	0	0
RP11-430C7.4	13.8877549844551	13.0756698544822	0	0	13.4127208945725	13.725369782982	10.3165797384979	0	12.323030568097	10.5773566682336	-0.750458081055633	0.488504568968492	5.2886783341168	13.2441953745274	-7.95551704041055
RP11-311D14.1	0	0	0	0	0	0	0	0	0	0	NaN	NaN	0	0	0
FO082796.1	0	0	0	0	0	0	0	0	0	0	NaN	NaN	0	0	0
SMARCE1P1	9.18709984359823	0	9.84154780373829	0	0	8.93207336728817	0	0	0	0	1.04527705908903	0.345941195302035	0	0	0
RP11-416A17.6	10.8388781513246	11.7957261173331	13.078571375636	0	12.1327274228342	11.1681738823967	10.1740183900468	10.3449813386177	9.85969555764135	11.0193908990253	-0.61212014583557	0.582741319394579	10.4395432283333	11.0035260168607	-0.563982788527326
RP11-181C3.1	13.7391569924764	14.6963358296646	15.2339760758758	13.170348371985	11.6338907782575	11.8209793334087	14.2181958867678	13.4564653500614	14.211691405743	13.9937459389837	1.46786712685343	0.181947815837449	14.1027186723634	13.5978111712689	0.504907501094451
RP13-349O20.2	0	14.2675998323113	0	0	13.9766708138119	14.0966932583207	11.8798235977929	13.6356192066161	12.1500935653936	13.7254738824357	-2.69647098251224	0.0720751016586546	6.0750467826968	13.806145010214	-7.7310982275172
CTD-2004A9.1	0	0	0	0	0	0	0	0	0	0	NaN	NaN	0	0	0
RP11-1046B16.3	10.3559530774874	0	12.0105533471504	0	0	0	11.6899673461108	12.1828716514043	10.3759895614704	11.5359431972181	-0.503267031450865	0.632327244269959	10.9559663793443	5.1779765387437	5.77798984060055
LHX5	0	0	0	10.4669580676261	0	7.53914199552286	0	0	0	0	0.468589477277908	0.661634346536916	0	0	0
MYOM2	9.19807075107447	14.474833829359	11.0740259817081	8.70820878723108	14.9667869835357	14.8309268562901	14.1933331925667	15.9883587111543	8.63433673804436	13.4352417444535	-1.66654905580177	0.142324604052714	9.89111738446959	14.6528803428245	-4.76176295835496
RP11-247A12.1	14.2910485301903	12.1192478613614	12.1392933056997	0	0	0	0	0	13.0888014239769	0	1.9037597188676	0.108871630856363	6.06964665284985	0	6.06964665284985
CTD-2528L19.4	0	0	0	0	0	0	0	0	10.8008227646693	0	-1	0.363217467649122	0	0	0
MTND6P7	0	0	0	0	0	0	0	0	0	0	NaN	NaN	0	0	0
EVX1	8.68877462142857	14.9130799151195	10.6634439292701	11.587203500143	11.7455450363867	16.1946590867267	11.0206476016322	11.7150467741743	10.2914400231119	13.2810620835797	-0.584183162623656	0.581894620749815	11.1253237147065	11.7302959052805	-0.60497219057395
GLYATL1P1	10.3324386195975	8.38597777305175	10.9873818943099	0	8.72216476506415	0	0	0	11.5742365706881	11.1499896384251	0.628649306380038	0.548902028796637	11.0686857663675	4.19298888652587	6.87569687984162
MAP9	10.4548618307933	14.9636497507081	9.94072911590369	9.96442125040072	13.8032917213538	14.3816170410881	11.5732572090105	14.4191124600701	10.1126188458258	14.9185170803224	-1.2929327451685	0.24824060611736	10.0385200481133	14.0924543812209	-4.05393433310769
RNU7-147P	0	0	0	0	0	0	0	0	0	0	NaN	NaN	0	0	0
RNU1-47P	12.0481235257786	14.005100570881	15.0251060123579	16.3118309533259	0	0	15.3824953914676	0	17.2377688345917	12.6436512245379	1.92060393839845	0.106006961286482	15.6684684828419	6.0240617628893	9.6444067199526
APIP	17.0740525954734	16.137859628761	17.0032158397868	14.412649975718	16.3901142689421	16.349796056602	16.8026597297301	16.5020619168131	16.5385902502165	16.339978747744	-0.52990150673018	0.632013119669371	16.4392844989802	16.4460880928776	-0.0068035938973523
AC010295.1	0	0	0	0	0	0	0	0	0	0	NaN	NaN	0	0	0
RP11-430H12.2	0	0	14.4884783879576	0	8.56134813352451	0	0	10.6767618146382	0	0	0.0999413006622516	0.924335482089617	0	0	0
MAF1	20.2802760160857	20.7489176718522	18.8070456512139	21.5998711838762	20.4823679784762	20.3494584969333	21.0706132605341	21.2115411765043	19.5580903041426	20.1641691932829	-0.178874308410584	0.866531126950248	19.8611297487127	20.6156428251642	-0.754513076451452
RP1-274L7.3	0	0	0	0	0	0	0	0	0	0	NaN	NaN	0	0	0
FOXP1	16.7530118592009	16.8386355760002	17.5227665583835	17.6684779207192	17.1354644111314	16.8875208968945	17.5481386704971	17.2830588510253	15.9607485001225	18.1873158669566	0.0751595899571072	0.941933221696705	17.5956222395513	17.011492654013	0.584129585538399
OR5L2	0	0	0	0	0	0	0	0	0	0	NaN	NaN	0	0	0
PLCE1	14.3631834917865	13.8453298181387	15.2684816654091	13.3734338987344	15.6280959983097	14.0535187967836	13.6583770508072	13.0267328348683	14.9575010541602	12.6210188954054	0.35848940814823	0.729372589850821	14.1654674764473	13.9494243074612	0.21604316898615
PRAMEF4	10.1466963481698	0	13.8008760396173	10.6554607542735	0	0	8.89816643472977	0	14.1351813308016	0	1.22937701467712	0.260176744992591	12.2281683969454	0	12.2281683969454
RAD17	16.8028627960705	16.5720491456555	17.1305142272935	16.9073989908148	17.7825544332309	16.8904854033276	16.7035357565229	17.2190172564873	17.3074399138849	17.8006544642994	-1.98292621403107	0.0839118837674576	17.2189770705892	16.8466740996991	0.372302970890146
RP11-550F7.1	10.9347459250033	12.739446596637	0	0	12.4916095032805	13.9265229282638	9.27102455825355	11.4403093642447	0	13.4366723536202	-1.0328734663498	0.346649271301705	0	11.9659594337626	-11.9659594337626
AC005086.2	0	0	0	0	0	0	0	0	11.6422270155127	0	-1	0.363217467649123	0	0	0
RP11-270L13.1	0	0	0	0	0	0	0	0	0	0	NaN	NaN	0	0	0
CICP17	0	0	8.84008811366431	0	0	0	0	0	0	8.78051223511235	0.281671096374841	0.788372807352225	4.39025611755618	0	4.39025611755618
SPCS2	19.2849012424216	18.6565425830068	18.1892831870185	19.3685141382885	19.1465088078872	19.056836968925	19.1440510113267	18.6525529785115	18.4547606935955	18.3057409842087	0.256853247785151	0.807955509674759	18.3802508389021	19.1004439901259	-0.72019315122375
RP11-493L12.6	15.8940343256434	10.1382758044327	14.742060188244	0	0	0	0	0	13.3292399943978	0	1.87764541806121	0.116558594628429	6.6646199971989	0	6.6646199971989
DGCR11	12.8078346396616	15.5918279310454	14.8221161514838	13.9632296963035	15.4756594191417	15.5363905189346	14.8476178882456	15.6100606883725	14.6079616704362	15.4419892353448	-1.54059991189888	0.208267968614254	14.71503891096	15.5060249690381	-0.790986058078149
SETDB2	14.6455631964885	14.8265080466902	16.0048958470987	15.6309344756038	15.1108223641079	13.5444498627162	15.3067957572812	15.151327963172	14.1460700808478	14.9416354044398	1.33703403678262	0.223290583538731	15.2862849400218	14.9686652053991	0.317619734622751
RP13-554M15.2	13.9467215192415	12.3284559966486	12.6480104572413	11.0872025103814	12.5500246973117	12.1966668785621	0	8.50219959627031	13.919469225362	12.0478491608063	1.20451320734633	0.275614348797362	12.3479298090238	12.2625614376053	0.0853683714184506
