sample	TCGA-3M-AB46-01	TCGA-3M-AB47-01	TCGA-B7-5816-01	TCGA-B7-5818-01	TCGA-B7-A5TI-01	TCGA-B7-A5TJ-01	TCGA-B7-A5TK-01	TCGA-B7-A5TN-01	TCGA-BR-4183-01	TCGA-BR-4184-01	TCGA-BR-4187-01	TCGA-BR-4188-01	TCGA-BR-4191-01	TCGA-BR-4201-01	TCGA-BR-4253-01	TCGA-BR-4255-01	TCGA-BR-4256-01	TCGA-BR-4257-01	TCGA-BR-4267-01	TCGA-BR-4279-01	TCGA-BR-4280-01	TCGA-BR-4292-01	TCGA-BR-4294-01	TCGA-BR-4357-01	TCGA-BR-4361-01	TCGA-BR-4362-01	TCGA-BR-4363-01	TCGA-BR-4366-01	TCGA-BR-4368-01	TCGA-BR-4369-01	TCGA-BR-4370-01	TCGA-BR-4371-01	TCGA-BR-6452-01	TCGA-BR-6453-01	TCGA-BR-6454-01	TCGA-BR-6455-01	TCGA-BR-6456-01	TCGA-BR-6457-01	TCGA-BR-6458-01	TCGA-BR-6563-01	TCGA-BR-6564-01	TCGA-BR-6565-01	TCGA-BR-6566-01	TCGA-BR-6705-01	TCGA-BR-6706-01	TCGA-BR-6707-01	TCGA-BR-6709-01	TCGA-BR-6801-01	TCGA-BR-6802-01	TCGA-BR-6803-01	TCGA-BR-6852-01	TCGA-BR-7196-01	TCGA-BR-7197-01	TCGA-BR-7703-01	TCGA-BR-7704-01	TCGA-BR-7707-01	TCGA-BR-7715-01	TCGA-BR-7716-01	TCGA-BR-7717-01	TCGA-BR-7722-01	TCGA-BR-7723-01	TCGA-BR-7851-01	TCGA-BR-7901-01	TCGA-BR-7957-01	TCGA-BR-7958-01	TCGA-BR-7959-01	TCGA-BR-8058-01	TCGA-BR-8059-01	TCGA-BR-8060-01	TCGA-BR-8077-01	TCGA-BR-8078-01	TCGA-BR-8080-01	TCGA-BR-8081-01	TCGA-BR-8284-01	TCGA-BR-8285-01	TCGA-BR-8286-01	TCGA-BR-8289-01	TCGA-BR-8291-01	TCGA-BR-8295-01	TCGA-BR-8296-01	TCGA-BR-8297-01	TCGA-BR-8360-01	TCGA-BR-8361-01	TCGA-BR-8363-01	TCGA-BR-8364-01	TCGA-BR-8365-01	TCGA-BR-8366-01	TCGA-BR-8367-01	TCGA-BR-8368-01	TCGA-BR-8369-01	TCGA-BR-8370-01	TCGA-BR-8371-01	TCGA-BR-8372-01	TCGA-BR-8373-01	TCGA-BR-8380-01	TCGA-BR-8381-01	TCGA-BR-8382-01	TCGA-BR-8384-01	TCGA-BR-8483-01	TCGA-BR-8484-01	TCGA-BR-8485-01	TCGA-BR-8486-01	TCGA-BR-8487-01	TCGA-BR-8588-01	TCGA-BR-8589-01	TCGA-BR-8590-01	TCGA-BR-8591-01	TCGA-BR-8592-01	TCGA-BR-8676-01	TCGA-BR-8677-01	TCGA-BR-8678-01	TCGA-BR-8679-01	TCGA-BR-8680-01	TCGA-BR-8682-01	TCGA-BR-8683-01	TCGA-BR-8686-01	TCGA-BR-8687-01	TCGA-BR-8690-01	TCGA-BR-A44T-01	TCGA-BR-A44U-01	TCGA-BR-A452-01	TCGA-BR-A453-01	TCGA-BR-A4CQ-01	TCGA-BR-A4CR-01	TCGA-BR-A4CS-01	TCGA-BR-A4IU-01	TCGA-BR-A4IV-01	TCGA-BR-A4IY-01	TCGA-BR-A4IZ-01	TCGA-BR-A4J1-01	TCGA-BR-A4J2-01	TCGA-BR-A4J4-01	TCGA-BR-A4J5-01	TCGA-BR-A4J6-01	TCGA-BR-A4J7-01	TCGA-BR-A4J8-01	TCGA-BR-A4J9-01	TCGA-BR-A4PD-01	TCGA-BR-A4PE-01	TCGA-BR-A4PF-01	TCGA-BR-A4QI-01	TCGA-BR-A4QL-01	TCGA-BR-A4QM-01	TCGA-CD-5798-01	TCGA-CD-5799-01	TCGA-CD-5800-01	TCGA-CD-5801-01	TCGA-CD-5802-01	TCGA-CD-5803-01	TCGA-CD-5804-01	TCGA-CD-5813-01	TCGA-CD-8524-01	TCGA-CD-8525-01	TCGA-CD-8526-01	TCGA-CD-8527-01	TCGA-CD-8528-01	TCGA-CD-8529-01	TCGA-CD-8530-01	TCGA-CD-8531-01	TCGA-CD-8532-01	TCGA-CD-8533-01	TCGA-CD-8534-01	TCGA-CD-8535-01	TCGA-CD-8536-01	TCGA-CD-A486-01	TCGA-CD-A487-01	TCGA-CD-A489-01	TCGA-CD-A48A-01	TCGA-CD-A48C-01	TCGA-CD-A4MG-01	TCGA-CD-A4MH-01	TCGA-CD-A4MI-01	TCGA-CD-A4MJ-01	TCGA-CG-4300-01	TCGA-CG-4301-01	TCGA-CG-4304-01	TCGA-CG-4305-01	TCGA-CG-4306-01	TCGA-CG-4436-01	TCGA-CG-4437-01	TCGA-CG-4438-01	TCGA-CG-4440-01	TCGA-CG-4441-01	TCGA-CG-4442-01	TCGA-CG-4443-01	TCGA-CG-4444-01	TCGA-CG-4449-01	TCGA-CG-4455-01	TCGA-CG-4460-01	TCGA-CG-4462-01	TCGA-CG-4465-01	TCGA-CG-4466-01	TCGA-CG-4469-01	TCGA-CG-4474-01	TCGA-CG-4475-01	TCGA-CG-4476-01	TCGA-CG-4477-01	TCGA-CG-5716-01	TCGA-CG-5717-01	TCGA-CG-5718-01	TCGA-CG-5719-01	TCGA-CG-5720-01	TCGA-CG-5721-01	TCGA-CG-5722-01	TCGA-CG-5723-01	TCGA-CG-5724-01	TCGA-CG-5725-01	TCGA-CG-5726-01	TCGA-CG-5727-01	TCGA-CG-5728-01	TCGA-CG-5730-01	TCGA-CG-5732-01	TCGA-CG-5733-01	TCGA-CG-5734-01	TCGA-D7-5577-01	TCGA-D7-5578-01	TCGA-D7-5579-01	TCGA-D7-6518-01	TCGA-D7-6519-01	TCGA-D7-6520-01	TCGA-D7-6521-01	TCGA-D7-6522-01	TCGA-D7-6524-01	TCGA-D7-6525-01	TCGA-D7-6526-01	TCGA-D7-6527-01	TCGA-D7-6528-01	TCGA-D7-6815-01	TCGA-D7-6817-01	TCGA-D7-6818-01	TCGA-D7-6820-01	TCGA-D7-6822-01	TCGA-D7-8570-01	TCGA-D7-8572-01	TCGA-D7-8573-01	TCGA-D7-8574-01	TCGA-D7-8575-01	TCGA-D7-8576-01	TCGA-D7-8578-01	TCGA-D7-8579-01	TCGA-D7-A4YT-01	TCGA-D7-A4YU-01	TCGA-D7-A4YV-01	TCGA-D7-A4YX-01	TCGA-D7-A4YY-01	TCGA-D7-A4Z0-01	TCGA-D7-A6ET-01	TCGA-D7-A6EV-01	TCGA-D7-A6EX-01	TCGA-D7-A6EY-01	TCGA-D7-A6EZ-01	TCGA-D7-A6F0-01	TCGA-D7-A6F2-01	TCGA-D7-A747-01	TCGA-D7-A748-01	TCGA-D7-A74A-01	TCGA-D7-A74B-01	TCGA-EQ-5647-01	TCGA-EQ-8122-01	TCGA-EQ-A4SO-01	TCGA-F1-6177-01	TCGA-F1-6874-01	TCGA-F1-6875-01	TCGA-F1-A448-01	TCGA-F1-A72C-01	TCGA-FP-7735-01	TCGA-FP-7829-01	TCGA-FP-7916-01	TCGA-FP-7998-01	TCGA-FP-8099-01	TCGA-FP-8209-01	TCGA-FP-8210-01	TCGA-FP-8211-01	TCGA-FP-8631-01	TCGA-FP-A4BE-01	TCGA-FP-A4BF-01	TCGA-FP-A8CX-01	TCGA-FP-A9TM-01	TCGA-HF-7131-01	TCGA-HF-7132-01	TCGA-HF-7133-01	TCGA-HF-7134-01	TCGA-HF-7136-01	TCGA-HF-A5NB-01	TCGA-HJ-7597-01	TCGA-HU-8238-01	TCGA-HU-8243-01	TCGA-HU-8244-01	TCGA-HU-8245-01	TCGA-HU-8249-01	TCGA-HU-8602-01	TCGA-HU-8604-01	TCGA-HU-8608-01	TCGA-HU-8610-01	TCGA-HU-A4G2-01	TCGA-HU-A4G3-01	TCGA-HU-A4G6-01	TCGA-HU-A4G8-01	TCGA-HU-A4G9-01	TCGA-HU-A4GC-01	TCGA-HU-A4GD-01	TCGA-HU-A4GF-01	TCGA-HU-A4GH-01	TCGA-HU-A4GJ-01	TCGA-HU-A4GN-01	TCGA-HU-A4GP-01	TCGA-HU-A4GQ-01	TCGA-HU-A4GT-01	TCGA-HU-A4GU-01	TCGA-HU-A4GX-01	TCGA-HU-A4GY-01	TCGA-HU-A4H0-01	TCGA-HU-A4H2-01	TCGA-HU-A4H3-01	TCGA-HU-A4H4-01	TCGA-HU-A4H5-01	TCGA-HU-A4H6-01	TCGA-HU-A4H8-01	TCGA-HU-A4HB-01	TCGA-HU-A4HD-01	TCGA-IN-7806-01	TCGA-IN-7808-01	TCGA-IN-8462-01	TCGA-IN-8663-01	TCGA-IN-A6RI-01	TCGA-IN-A6RJ-01	TCGA-IN-A6RL-01	TCGA-IN-A6RN-01	TCGA-IN-A6RO-01	TCGA-IN-A6RP-01	TCGA-IN-A6RR-01	TCGA-IN-A6RS-01	TCGA-IN-A7NR-01	TCGA-IN-A7NT-01	TCGA-IN-A7NU-01	TCGA-IN-AB1V-01	TCGA-IN-AB1X-01	TCGA-IP-7968-01	TCGA-KB-A6F5-01	TCGA-KB-A6F7-01	TCGA-KB-A93G-01	TCGA-KB-A93H-01	TCGA-KB-A93J-01	TCGA-MX-A5UG-01	TCGA-MX-A5UJ-01	TCGA-MX-A663-01	TCGA-MX-A666-01	TCGA-R5-A7O7-01	TCGA-R5-A7ZE-01	TCGA-R5-A7ZF-01	TCGA-R5-A7ZI-01	TCGA-R5-A7ZR-01	TCGA-R5-A804-01	TCGA-R5-A805-01	TCGA-RD-A7BS-01	TCGA-RD-A7BT-01	TCGA-RD-A7BW-01	TCGA-RD-A7C1-01	TCGA-RD-A8MV-01	TCGA-RD-A8MW-01	TCGA-RD-A8N0-01	TCGA-RD-A8N1-01	TCGA-RD-A8N2-01	TCGA-RD-A8N4-01	TCGA-RD-A8N5-01	TCGA-RD-A8N6-01	TCGA-RD-A8N9-01	TCGA-RD-A8NB-01	TCGA-SW-A7EA-01	TCGA-SW-A7EB-01	TCGA-VQ-A8DL-01	TCGA-VQ-A8DT-01	TCGA-VQ-A8DU-01	TCGA-VQ-A8DV-01	TCGA-VQ-A8DZ-01	TCGA-VQ-A8E0-01	TCGA-VQ-A8E2-01	TCGA-VQ-A8E3-01	TCGA-VQ-A8E7-01	TCGA-VQ-A8P2-01	TCGA-VQ-A8P3-01	TCGA-VQ-A8P5-01	TCGA-VQ-A8P8-01	TCGA-VQ-A8PB-01	TCGA-VQ-A8PC-01	TCGA-VQ-A8PD-01	TCGA-VQ-A8PE-01	TCGA-VQ-A8PF-01	TCGA-VQ-A8PH-01	TCGA-VQ-A8PJ-01	TCGA-VQ-A8PK-01	TCGA-VQ-A8PM-01	TCGA-VQ-A8PO-01	TCGA-VQ-A8PP-01	TCGA-VQ-A8PQ-01	TCGA-VQ-A8PS-01	TCGA-VQ-A8PT-01	TCGA-VQ-A8PU-01	TCGA-VQ-A8PX-01	TCGA-VQ-A8PY-01	TCGA-VQ-A8PZ-01	TCGA-VQ-A91A-01	TCGA-VQ-A91D-01	TCGA-VQ-A91E-01	TCGA-VQ-A91K-01	TCGA-VQ-A91N-01	TCGA-VQ-A91Q-01	TCGA-VQ-A91S-01	TCGA-VQ-A91U-01	TCGA-VQ-A91V-01	TCGA-VQ-A91W-01	TCGA-VQ-A91X-01	TCGA-VQ-A91Y-01	TCGA-VQ-A91Z-01	TCGA-VQ-A922-01	TCGA-VQ-A923-01	TCGA-VQ-A924-01	TCGA-VQ-A925-01	TCGA-VQ-A927-01	TCGA-VQ-A928-01	TCGA-VQ-A92D-01	TCGA-VQ-A94O-01	TCGA-VQ-A94P-01	TCGA-VQ-A94R-01	TCGA-VQ-A94T-01	TCGA-VQ-A94U-01	TCGA-VQ-AA64-01	TCGA-VQ-AA68-01	TCGA-VQ-AA69-01	TCGA-VQ-AA6A-01	TCGA-VQ-AA6B-01	TCGA-VQ-AA6D-01	TCGA-VQ-AA6F-01	TCGA-VQ-AA6G-01	TCGA-VQ-AA6I-01	TCGA-VQ-AA6J-01	TCGA-VQ-AA6K-01	TCGA-ZA-A8F6-01	TCGA-ZQ-A9CR-01
sig.1	0.075326181	0.671913632	0.242864155	0.222721039	0.368166539	0.603218214	0.865110077	0.653775835	0.754488236	0	0.854282991	1	0	0.386041304	0.505381861	0.747077314	0.195628166	0.254831312	0.272669768	0.513065391	0	0.749511242	0	0.160321436	0	0.410999187	0.372400182	0.42739871	0.339576041	0.333523824	0.684064486	0.869112849	0	0.293017586	0.285599742	0.6836542	0.293447928	0.586833736	0.18006412	0.834927528	0.309868165	0.339181006	0.188935084	0.644610016	0.218494791	0.944689522	0	0.792177877	0.121857524	0.652033866	0.244463155	0.204845134	0.53961916	0.45808013	0.153923989	0.329887617	0.539279629	0.113207839	0.661381168	0.416265437	0.366318394	0.43252581	0.380593864	0.693832448	0.293984389	0.27308246	0.193171834	0.267085101	0.273117717	0.552714939	0.326461639	0.447872852	0.404377276	0.612438855	0.731746966	0.458661998	0.224265527	0.422381815	0.270612488	0.914709996	0.122615278	0.298879981	0.373078874	0.226174512	0.448013417	0.875325549	0	0.708100651	0.53701122	0.499467844	0.523855526	0.595315944	0.173780448	0.430476453	0.946728134	0.524057626	0.373175273	0.4312334	0.607509693	0.524272783	0.1105342	0.398871685	0.214527992	0.718698518	0	0.420610005	0.247411962	0.883030658	0.666609185	0.761757797	0.480562074	0.602745249	0.082324344	1	0.647561832	0.578499013	0.074487841	0.437935479	0.467493914	0.925910307	0.307603716	0.178984655	0.542815183	0.497135535	0.477238119	0.511111449	0.142703987	0.559693457	1	0.523540562	1	0.88065998	0.773209896	0.13127657	0.700678439	0.842611071	0.766598346	0.144643405	0.641547474	0.374791156	0.467438707	0.549495113	0.540677002	0.50525959	0.418122686	0.535365733	0.204386762	0.610699463	0.444333227	0.599521548	0.477208058	0.646544606	0.422074064	0.261604015	0.386689169	0.964434321	0.178182417	0.392779856	0.260785301	0.714502699	0.998712546	0.588619083	0.067110743	0.400144534	0.658355125	0.166098784	0.417632803	0.395094057	0.374806525	0.110461848	0.519577838	0.225493916	0.322851276	0.628832252	0.473401308	0.455395579	0.255813025	0.632957606	0.533060236	0.248474632	0.358192302	0.261695442	0.620844741	0.189543687	0.220596199	0.316810614	0.278471643	0.260486508	0.764697777	0.861986268	0	0.363830046	0.26958977	0.781443889	0.510429428	0.445385647	0.530631602	0.736377059	0.128623653	0.435428143	0.769637112	0.47370856	0.166998481	0.76684101	0.425178084	0.566066924	0.443709597	0.331704754	0.69065166	0.438472753	0.626593946	0.550442251	0.283123998	0.568388976	0.440708074	0.456907083	0.186346616	0.540458512	0.538457384	0.448105964	0.770810996	0.788347331	0.860804344	0.339946629	0.303435522	0.290599049	0	0.46780431	0.307292718	0.069780916	0.461774945	0.221517014	0.467119259	0.414813027	0.614676886	0.82976675	0.677776757	0.501232669	0.508403058	0.441952237	0.213253482	0.510836495	0.448465159	0.941459289	0.266631749	0	0.645589823	0.588405146	0.309167288	0.266446953	0.203769339	0.091935677	0.848897534	0.293248877	0.272904311	0.551481749	0.565437103	0.470953314	0.465608599	0	0.430644653	0.346370854	0.76173441	0.461053547	0.598578215	0.664798614	0.420340734	0.549153487	0.554680144	0.673822524	0	0	0.066410405	0.188179156	0.541710937	0.623645261	0.571501407	0.642661285	0.212352664	0.358473283	0.608742402	0.475215793	0.396214268	0.334211177	0.672714276	0.318507282	0.758818207	1	0.544794557	0.573301291	0.483937246	0.468321989	0.395540567	0.589399842	0.672332102	0.705500598	0.480839696	0.478849574	0.504193139	0.819591487	0.631678878	0.422604535	0	0.636545142	0.346139154	0.506178488	0.488254359	0.26584796	0	0.513306309	0.784722335	0.68514111	0.450267936	0.273101335	0.12520011	0.173851474	0.945156116	0.460813169	0.098264514	0.409942033	0.704479331	0.543162708	0.30987967	0.407126522	0.374878558	0.371717948	0	0.317547463	0.301961712	0.594830348	0.413219398	0.68300831	0.347281813	0.306914247	0.583686114	0.46977916	0.445745129	0.744515457	0.650406504	0.2511657	0.355050313	0.392657144	0.479821764	0.632318484	0.470166136	0.411129048	0.397086272	0.502599361	0.4718283	0.468709424	0.388184558	0.585188079	0.701887293	0.273521309	0.449624049	0	0.699887861	0.735566678	0.44944948	0.30504163	0	0.104327137	0	0	0.838267689	0.751259627	0.74993453	0.28260363	0.243334741	0.306463289	0.303442437	0.448506141	0.431118382	0.618622836	0.263805929	0.387240774	0.318745475	0.333338731	0.713966043	0.15452896	0.068899698	0.396239421	0.966720528	0.472471826	0.083867986	0.847550946	0.662501457	0.607928112	0	0.186777021	0.084911696	0.397091334	0.132842689	0.206024152	0.738136843	0.598530274	0.243698404	0.317950368	0.156284222	0.084815237	0.98650704	0.620133847	0.456452611	0.271427967	0.517292075	0.469959054	0.376183836	0	0.750061641	0	0.545360144	0.19251573	0.637496766	0.500685028	0.230853245	0.801956865	0.25850507	0.168580557	0.324017722	0.108853582	0.365133937	0.802396979	0.206956853	0.35686688	0.60829496	0.698776229	0.125314993	0.377920306	0.74537708	0.626761921	0.610650739	0.177827936	0.226729103	0.709598662	0.428256533	0.388609416	0.606871235	0.604038136	0.378547581
sig.2	0	0	0	0	0	0	0	0	0	0	0	0	0	0	0	0	0	0	0	0	0	0	0	0	0	0	0	0	0	0	0	0	0	0	0	0	0	0	0	0	0	0	0	0	0	0	0	0	0	0	0	0	0	0	0	0	0	0.159182437	0	0	0	0	0	0	0	0	0	0	0	0	0	0	0	0	0	0	0	0	0	0	0	0	0	0	0	0	0	0	0	0	0	0	0	0	0	0	0	0	0	0	0	0	0	0	0	0	0	0	0	0	0.081620236	0.062590809	0	0	0	0.093980716	0	0	0	0	0	0	0	0	0	0	0.06947691	0	0	0	0	0	0	0	0	0	0	0	0	0	0	0	0	0	0	0.153800465	0	0.231454017	0.060007542	0	0	0	0.06061302	0	0	0	0	0.062370259	0	0.104064198	0	0.148180195	0	0	0	0.067070131	0.09421581	0	0	0	0	0	0	0	0	0.084404214	0	0	0	0	0	0.074483835	0	0	0	0	0	0	0	0	0	0	0	0	0	0.077345294	0	0	0	0	0.080307953	0	0	0.06190635	0	0	0	0	0	0	0.115831391	0	0	0	0	0	0	0	0	0	0.144485948	0	0	0	0.064070456	0	0	0	0	0	0	0	0	0	0	0	0	0	0	0	0	0	0	0	0	0	0	0	0	0	0	0.082235823	0	0	0	0.06707877	0	0.172195562	0.073618334	0	0	0	0	0	0	0.239640728	0	0	0.070522586	0	0	0	0	0.081940338	0	0	0	0	0.2067915	0	0	0	0	0	0	0	0	0	0	0	0	0	0	0	0	0	0	0	0	0	0.126239205	0	0	0	0	0	0	0	0	0	0	0	0	0	0	0	0	0	0	0	0.100847395	0	0	0	0	0	0	0.066503782	0	0.07791917	0	0	0	0	0	0	0	0	0	0	0	0	0	0.09306887	0	0	0.068197448	0	0	0	0	0	0	0	0.090693208	0	0	0	0	0	0	0	0	0	0	0	0	0	0	0	0	0	0	0	0.07453412	0.07446559	0	0	0	0	0	0	0	0	0	0	0	0	0	0	0	0	0	0	0.098688926	0.105037009	0	0	0	0	0	0	0	0	0	0.062551669	0	0.081003829	0	0	0	0	0.061051275	0	0.064765192	0	0	0.097614223	0	0	0	0	0	0.069738502	0	0	0	0	0	0	0	0	0.06928207	0	0	0	0	0	0
sig.3	0.382063852	0	0	0	0	0	0	0	0	0	0	0	0.471170501	0	0	0	0	0	0.465141894	0	0	0	0.289501822	0	0	0	0	0.21893744	0	0	0	0	0	0	0.127132493	0	0	0	0	0	0	0.299937034	0	0	0	0	0.163468031	0	0	0	0	0.091407903	0	0	0.145302961	0	0	0	0	0	0	0	0.112891205	0	0.251328361	0.08048034	0.08019388	0.145232699	0.076628942	0.150462436	0	0	0	0	0	0	0.097886844	0.246352658	0.073619894	0	0	0	0	0	0	0	0	0	0	0	0	0	0	0	0	0.09019686	0	0.067935389	0	0.217936731	0	0	0	0	0	0	0	0	0	0	0.061756832	0	0	0	0	0	0	0	0	0	0	0	0.175933557	0.186616148	0.118618338	0	0	0.234539194	0	0.155910834	0	0	0	0	0	0	0	0	0	0.139488585	0	0	0	0	0	0	0	0	0.175330808	0	0.077577808	0	0	0	0	0	0.530098505	0	0.063315749	0	0	0	0	0	0	0	0	0	0	0	0	0	0	0	0.146361157	0	0	0	0	0.520628607	0.276495943	0	0	0	0.402255914	0	0	0	0	0	0	0	0	0	0.264564032	0.126976431	0.301910481	0	0.467133082	0	0	0.198927041	0	0	0	0	0	0	0.117367383	0	0	0.118406945	0	0	0	0	0.065464087	0	0	0	0	0	0	0	0.067151472	0	0	0	0.267420736	0	0.090826103	0.093926265	0.262537659	0.250849252	0	0	0.083310027	0	0	0	0.465440076	0	0	0	0	0	0	0	0	0	0.434502555	0.072520488	0.124550651	0	0	0	0	0	0	0.448045077	0	0	0	0	0	0	0	0	0	0	0	0	0.588220804	0.309171965	0	0	0.086098085	0	0	0	0	0	0	0	0	0	0	0	0	0	0	0	0	0	0	0	0	0	0	0	0.208765722	0	0	0	0	0	0	0	0	0	0	0	0	0	0	0.548710541	0	0	0	0.08353083	0	0	0	0	0	0.117511142	0.147862566	0.243349075	0.070635551	0	0	0	0	0	0	0	0	0	0	0.257013917	0	0	0	0	0	0	0	0	0	0	0	0	0	0	0	0	0.069578398	0	0	0	0	0.46054579	0	0	0	0.110419262	0	0	0	0.307286679	0	0	0	0.076965723	0	0	0	0	0	0	0	0	0	0	0	0	0.132142246	0	0.35913611	0.130423585	0	0	0	0	0	0	0	0.545645671	0	0	0	0	0	0	0	0.073333153	0.322873366	0.123227008	0.073316704	0	0	0	0	0.078870887	0.080219233	0	0	0.225274252	0	0	0.132378381	0	0	0.087378914	0	0	0.329422233	0	0	0	0	0	0	0	0	0	0	0	0.110332403
sig.4	0.105493035	0	0	0	0	0	0	0	0	0	0	0	0	0	0	0	0	0	0	0	0	0	0	0	0	0	0	0	0	0	0	0	0	0	0	0	0	0	0	0	0	0	0	0	0	0	0	0	0	0	0	0.09623527	0	0	0	0	0	0	0	0	0	0	0	0	0	0	0	0	0.073193683	0	0	0	0	0	0	0	0	0	0	0	0	0	0	0	0	0	0	0	0	0.066384728	0	0	0	0	0	0	0	0	0	0	0	0	0	0	0	0	0	0	0	0	0	0	0	0	0.160025565	0	0	0	0	0	0	0	0	0	0	0	0	0	0	0	0	0	0	0	0	0	0	0	0	0	0	0	0	0	0	0	0	0	0	0	0	0	0	0	0	0	0	0	0	0	0	0	0	0	0	0	0	0	0	0	0	0	0	0.064260937	0	0	0	0	0	0	0	0.064975474	0	0	0	0	0	0	0	0	0	0	0	0	0	0	0	0	0	0.119417342	0	0	0	0	0	0	0	0	0	0	0	0	0	0	0	0	0	0	0.223845744	0	0	0	0	0	0	0	0	0	0	0	0	0	0	0	0	0	0	0	0	0	0.08285879	0	0	0	0	0	0	0	0	0	0	0	0	0	0	0	0	0	0	0	0	0	0	0	0	0	0	0	0	0	0	0	0.140483104	0	0	0	0.063639907	0	0	0	0	0	0	0	0	0	0	0	0.073455633	0	0	0	0	0	0	0	0	0	0	0	0	0	0	0	0	0	0	0	0	0	0	0	0	0	0	0	0	0	0	0	0	0	0	0	0	0	0	0.104526161	0.077569444	0	0	0	0	0	0	0	0	0	0	0	0	0	0	0	0	0	0	0	0	0	0	0	0	0	0	0	0	0	0	0	0	0	0	0	0	0	0	0	0	0	0	0	0	0	0.113747074	0	0	0	0	0	0	0	0	0	0	0	0	0	0	0	0	0	0	0	0	0	0	0	0	0.095292837	0	0	0	0	0	0	0	0	0	0	0	0	0	0	0	0	0	0	0	0.293495828	0.099466606	0	0	0	0	0	0.067520888	0	0	0	0	0	0	0	0	0	0	0	0
sig.5	0	0	0	0	0	0	0	0	0	0	0	0	0	0	0	0	0	0	0	0	0	0	0	0.086622722	0	0	0	0	0	0	0	0	0	0	0	0	0	0	0	0	0	0	0	0	0	0	0	0	0	0	0	0	0	0	0	0	0	0	0	0	0	0	0	0	0	0	0	0	0	0	0	0	0	0	0	0	0	0	0	0	0	0	0	0	0.121213332	0	0	0	0	0	0	0	0	0	0	0	0	0	0	0	0	0	0	0	0	0	0	0	0	0	0	0	0	0	0	0	0	0	0	0	0	0	0	0	0	0	0	0	0	0	0	0	0	0.290121471	0	0	0	0	0	0	0	0	0	0	0	0	0	0	0	0	0	0	0	0	0	0	0	0	0.197929447	0	0	0	0	0	0	0	0.233221	0	0	0	0	0	0	0	0	0.129480584	0	0	0	0	0	0	0	0	0	0	0	0.17511765	0	0	0	0	0	0	0	0	0	0	0	0	0	0	0	0	0	0	0	0	0	0	0	0	0	0	0	0	0.071288288	0	0	0	0	0	0	0	0	0	0	0	0	0	0	0	0	0	0	0	0	0	0	0	0	0	0	0	0	0	0	0	0	0	0	0	0	0	0	0	0	0	0	0	0	0	0	0	0	0	0	0	0	0	0	0	0	0	0	0	0	0	0	0	0	0	0	0	0	0	0	0	0	0	0	0	0	0	0	0	0	0	0	0	0	0	0	0	0	0	0	0	0	0	0	0	0	0	0	0	0	0	0	0	0	0	0	0	0	0	0.171141933	0	0	0	0	0	0	0	0	0	0	0	0	0	0	0	0	0	0	0	0	0	0	0	0	0	0	0	0	0	0	0	0	0	0	0	0	0	0	0	0	0	0	0	0	0	0	0	0.173442398	0.186986175	0	0	0	0	0	0	0	0	0	0	0	0	0	0	0	0	0	0	0	0	0	0	0	0	0	0	0	0	0	0	0	0	0	0	0	0	0	0	0	0	0	0	0	0	0	0	0	0	0	0	0	0	0	0	0	0	0	0	0	0	0	0	0.109591629
sig.6	0.222389884	0	0.552506806	0	0.631833461	0.235454678	0	0	0.13411089	0	0	0	0.219128123	0.58145747	0	0	0.693584476	0.613487782	0	0.166285939	0.634213413	0.250488758	0	0	0.452022059	0.491792458	0.61415928	0.101013106	0.64025003	0	0.315935514	0	0.363273695	0	0	0.152991652	0	0	0	0	0	0.080729227	0.665880895	0	0	0	0.165141856	0	0.28906513	0	0.494165896	0.274923914	0	0.54191987	0	0.591593762	0.183462826	0	0	0.3791283	0	0.56747419	0	0	0	0.393304747	0	0.413727301	0	0	0.630171042	0	0.584316487	0.387561145	0	0	0.17547217	0	0	0	0.265671647	0.584394888	0.626921126	0.605955845	0	0	0.268673435	0.094143306	0.46298878	0.097032484	0.201976164	0	0.448491663	0.232449906	0	0.139479834	0.626824727	0.156127022	0	0	0	0.090286513	0.685127755	0.080382174	0	0	0.669000368	0.116969342	0	0	0.115217113	0.117352558	0	0	0	0.102547053	0.091526887	0	0.369450958	0	0	0.374113585	0.096676405	0	0.157743369	0.260054313	0	0	0	0	0	0	0	0	0	0	0.097608488	0	0	0.224653519	0	0.450504887	0	0	0.417064738	0	0	0	0	0.273279917	0	0.210123204	0	0.527719232	0.489532194	0	0	0.090414981	0.175483548	0	0	0.158378081	0.24398677	0.599855466	0	0.202143681	0	0	0	0.757981912	0.170714248	0.733868457	0.653365898	0.083548142	0	0	0.695769968	0.367042394	0	0	0.174290512	0.09638212	0	0.629515428	0	0	0	0	0.235302223	0	0.782801308	0	0.106504335	0.186357318	0	0	0	0	0	0.067637185	0	0.158334087	0.19137385	0	0.287593968	0.114719057	0.095736457	0.38056026	0	0.547738521	0	0	0.700764225	0.098707867	0.096470208	0.160587532	0.140692505	0.0840075	0	0.18294586	0	0	0	0	0.077874712	0	0.163550237	0.420889572	0.329258593	0.148154546	0	0	0.137443126	0	0.186095023	0	0	0.387770471	0.480459107	0	0	0	0.551534841	0	0.571124079	0	0	0.172439867	0.231402381	0.479933051	0	0.493968941	0	0	0.556158806	0	0	0	0.145005254	0.189107024	0.569355347	0.650692489	0	0.535050515	0.090197731	0	0.187215115	0.344065413	0.126339558	0.170931829	0	0	0	0	0.458289063	0	0	0.127857278	0	0.635297605	0.07794588	0	0	0.612477999	0.327285724	0.19695538	0.11409414	0	0	0.328638164	0.516062754	0.223684581	0.128059046	0	0.063575109	0.117749275	0.289445524	0.521150426	0.495806861	0	0	0.075967909	0	0.255241808	0.639306783	0	0.511745641	0.63535361	0.177808264	0.486693691	0.160031113	0	0.224087248	0.726898665	0.369356839	0.108120516	0	0.539186831	0.238940413	0	0	0.191851434	0.336340203	0	0.079882776	0	0.0942579	0	0.088643369	0.172040435	0.129041642	0	0	0.143200994	0	0.091797546	0	0.201497246	0	0.147457962	0.166478146	0.190165501	0	0.079897028	0.529833864	0	0	0.157837712	0	0.48255236	0.536202973	0.160853331	0	0	0.324708794	0.09729667	0	0	0	0	0	0	0	0.484542489	0	0	0	0.70534592	0.63444236	0	0	0.094924259	0.101586564	0.073990317	0.079426014	0	0.336428255	0.571910234	0.111683365	0.672899673	0	0	0	0.527528174	0.298840868	0	0	0	0.18241779	0	0	0	0.591644895	0.622499115	0	0	0.602754771	0	0.358384981	0.456757378	0	0	0.391901886	0.506009299	0.482707925	0	0	0.120789899	0	0.107341081	0.07591572	0.133816311	0.270261867	0.060117065	0	0	0.634196483	0.075161034	0.175040747	0.325397504	0.150791903	0	0	0.088349329	0	0	0	0.06492554	0.080726698	0	0	0	0.176572662	0	0.133336807	0	0	0	0
sig.7	0	0	0	0	0	0	0	0	0	0	0	0	0.128560934	0	0	0	0	0	0	0	0	0	0	0	0	0	0	0	0	0	0	0	0	0	0	0	0	0	0	0	0.147395645	0	0	0	0	0	0	0.140638549	0	0	0	0	0	0	0	0	0	0	0	0.061795322	0	0	0	0.09326718	0	0	0	0	0	0	0	0	0	0	0.089110967	0.06199257	0	0	0	0	0	0	0	0	0.130898292	0.081897428	0.0808373	0	0	0	0	0.121465012	0	0	0	0	0	0.074703418	0	0	0	0	0	0	0	0	0	0	0	0.116871578	0	0	0	0	0	0	0	0	0.12062071	0	0.101227014	0	0	0	0	0	0	0	0	0	0	0	0	0	0	0	0	0	0	0	0	0	0	0	0	0	0	0	0	0	0	0	0	0	0	0	0.066819987	0	0	0	0	0	0.120012011	0	0.110556325	0	0	0	0	0	0	0	0	0	0	0	0	0	0	0	0	0	0	0	0	0	0.123067682	0	0	0	0	0	0	0	0	0	0.123910343	0	0	0.149611952	0	0.061712924	0	0	0	0	0.087230111	0	0.065213162	0	0.075596202	0.098114619	0	0	0.145461443	0	0	0	0	0	0	0	0	0	0	0	0.060710436	0	0	0	0	0	0	0	0	0	0	0.064929842	0	0	0	0	0	0	0	0	0	0	0	0	0	0	0	0	0	0	0.153418576	0	0.069838766	0	0	0	0	0	0	0	0	0	0	0	0	0	0	0	0	0	0	0	0	0	0.107621752	0	0	0	0	0	0	0	0	0	0	0	0	0	0.064507537	0.081095793	0	0	0	0	0	0	0	0	0	0	0	0	0	0	0	0	0	0	0	0	0	0	0	0	0	0	0	0	0	0	0	0	0	0	0	0	0	0	0	0.094139295	0.09410254	0	0	0	0.081838442	0	0	0	0	0.064283748	0	0	0.088073805	0	0	0.064013735	0	0	0	0	0	0	0.073551738	0.076967885	0	0	0	0	0	0	0	0	0	0	0	0.063885455	0	0	0	0	0	0	0	0	0	0	0	0	0.065231629	0	0	0	0	0	0.072125398	0	0	0	0	0	0	0	0	0	0	0	0	0	0	0	0	0	0	0	0.107853191	0	0	0	0	0	0	0.075508609	0	0.108700844	0	0.115037505	0	0.075204225	0.073571012	0	0	0	0	0	0	0	0	0	0	0	0	0	0
sig.8	0	0	0	0	0	0	0	0	0	0	0	0	0	0	0	0	0	0	0	0	0	0	0	0.070246611	0	0	0	0	0	0	0	0	0	0	0	0	0	0	0	0	0	0	0	0	0	0	0	0	0	0	0	0	0	0	0.115510322	0	0	0	0	0	0	0	0	0	0	0	0	0	0	0	0	0	0	0	0	0	0	0	0	0	0	0	0	0	0	0	0	0	0	0	0	0	0	0	0	0	0	0	0	0	0	0	0	0	0	0	0	0	0	0	0	0	0	0	0	0	0	0	0	0	0	0	0	0	0	0	0	0	0	0	0	0	0	0	0	0	0	0	0	0	0	0	0	0	0	0	0	0	0	0	0	0	0	0	0	0	0	0	0	0	0	0	0	0	0	0	0	0	0	0	0	0	0	0	0	0	0	0	0	0	0	0	0	0	0	0	0	0	0	0	0	0	0	0	0	0	0	0	0	0	0	0	0	0	0	0	0	0	0	0	0	0	0	0	0	0	0	0	0	0	0	0	0	0	0	0	0.067504748	0	0	0	0	0	0	0	0	0	0	0	0	0	0	0	0	0	0	0	0	0	0	0	0	0	0	0	0	0	0	0	0	0	0	0	0	0	0	0	0	0	0	0	0	0	0	0	0	0	0	0	0	0	0	0	0.197458753	0	0	0	0	0	0	0	0	0	0	0	0	0	0	0	0	0	0	0	0	0	0	0.066614685	0	0	0	0	0	0	0.084505715	0	0	0	0	0	0	0	0	0	0	0	0	0	0	0	0	0	0	0	0	0	0	0.068903252	0	0	0	0	0	0	0	0	0	0	0	0	0	0	0	0	0	0	0	0	0	0	0	0	0	0	0	0	0	0	0	0	0	0	0.107438508	0	0	0	0	0	0	0	0	0	0	0	0	0	0	0	0	0	0	0	0	0	0	0	0	0.142518697	0	0	0	0	0	0	0	0	0	0	0	0	0	0	0	0	0	0	0	0	0	0	0	0	0	0	0	0	0	0	0	0	0	0	0	0	0	0	0	0	0.210958699	0	0
sig.9	0	0	0	0	0	0	0	0	0	0	0	0	0	0	0	0	0	0	0	0	0	0	0	0	0	0	0	0	0	0	0	0	0	0	0	0	0	0	0	0	0	0	0	0	0	0	0	0	0	0	0	0	0	0	0	0	0	0	0	0	0	0	0	0	0	0	0	0	0	0	0	0	0	0	0	0	0	0	0	0	0	0	0	0	0	0	0	0	0	0	0	0	0	0	0	0	0	0	0	0	0	0	0	0	0	0	0	0	0	0	0	0	0	0	0	0	0	0.066902526	0	0	0	0	0	0	0	0	0	0	0	0	0	0	0	0	0	0	0	0	0	0	0	0	0	0	0	0	0	0	0	0	0	0	0	0	0	0	0	0	0	0	0	0	0.066412759	0	0	0	0	0	0	0	0	0	0	0	0	0	0	0	0	0	0	0	0	0	0	0	0	0	0	0	0	0	0	0	0	0	0	0	0	0	0	0	0	0	0	0	0	0	0	0	0	0	0	0	0	0	0	0	0	0	0	0	0	0	0	0	0	0	0	0	0	0	0	0	0	0	0	0	0	0	0	0	0	0	0	0	0	0	0	0	0	0	0	0	0	0	0.10559337	0	0	0	0	0	0	0	0	0	0	0	0	0	0	0	0	0	0	0	0	0	0	0	0	0	0	0	0	0	0	0	0	0	0	0	0	0	0	0	0	0	0	0	0	0	0	0	0	0	0	0	0	0	0	0	0	0	0	0	0	0	0.224487835	0	0	0	0	0	0	0	0.098736403	0	0	0	0	0	0	0	0	0	0	0	0	0	0	0	0	0	0	0	0	0	0	0	0	0	0	0	0	0	0	0	0	0	0	0	0	0	0	0	0	0	0	0	0	0	0	0	0	0	0	0	0	0	0	0	0	0	0	0	0	0	0	0	0	0	0	0	0	0	0	0	0	0	0	0	0	0	0	0	0	0	0	0	0	0	0	0	0	0	0	0	0	0	0	0	0	0	0	0	0	0	0	0	0	0	0	0	0	0	0	0	0
sig.10	0	0.091688647	0	0	0	0	0	0	0	0	0.076271042	0	0	0	0	0	0	0	0	0.1991357	0	0	0	0	0	0	0	0	0	0	0	0	0	0	0	0	0	0	0	0	0.160225707	0.062220888	0	0	0	0	0	0	0	0	0	0	0	0	0	0	0	0	0	0	0	0	0	0	0	0	0	0	0	0	0	0	0	0	0	0	0	0	0	0	0	0	0	0	0	0	0	0	0	0	0	0	0	0.101995709	0	0	0	0	0	0	0	0	0	0	0	0	0	0	0	0	0.133304898	0	0.609369563	0	0	0	0	0	0	0	0	0	0	0	0.078613766	0.197243708	0	0	0	0	0	0	0	0	0	0	0	0	0	0	0	0	0	0	0	0	0	0	0	0	0	0	0.094539368	0	0	0	0	0	0	0	0	0	0	0	0	0	0	0	0	0	0	0	0	0	0	0	0	0	0	0	0	0.109425743	0	0	0	0	0	0	0	0	0	0	0	0	0	0	0	0.108920629	0	0	0	0	0	0	0	0	0	0	0.079601163	0	0	0	0	0	0	0	0.067946567	0	0	0	0	0	0	0.065637874	0	0	0	0	0	0	0	0	0	0	0	0	0.094392466	0	0	0	0	0	0	0	0	0	0	0	0.066345771	0	0	0.086406274	0	0	0.060885924	0	0	0	0	0	0	0	0	0	0	0	0	0	0	0.103496338	0	0	0	0.060383698	0	0	0	0	0	0	0	0	0	0	0	0	0	0	0	0	0	0	0	0.101943552	0.103080294	0	0	0	0	0	0	0	0	0	0	0	0	0	0	0	0	0	0	0	0	0	0	0	0	0	0	0.076875034	0	0	0	0	0.125217979	0	0.063694947	0	0	0	0	0	0	0	0	0	0	0	0	0	0	0	0	0	0	0	0	0	0	0	0	0	0.067543225	0	0	0	0.071210503	0	0	0	0	0	0	0	0	0	0	0	0	0	0	0	0	0	0	0	0	0	0	0	0	0	0	0	0	0	0	0	0.060357348	0	0	0	0	0	0	0	0	0.111042617	0	0	0	0	0	0	0	0	0	0	0	0	0	0	0.060849384	0	0	0	0	0	0	0	0	0	0	0	0	0	0	0	0	0	0.126622268	0	0	0	0	0	0
sig.11	0	0	0	0	0	0	0	0	0	0	0	0	0	0	0	0	0	0	0	0	0	0	0.14233166	0	0	0	0	0	0	0	0	0	0	0	0	0	0	0	0	0	0	0	0	0	0	0	0	0	0	0	0	0.125970752	0	0	0	0	0	0	0	0	0	0	0	0	0	0	0	0	0.069393393	0	0	0	0	0	0	0	0	0	0	0	0	0	0	0	0	0	0	0	0	0	0	0	0	0	0	0	0	0	0	0	0	0	0	0	0	0	0	0	0	0	0	0	0	0	0	0	0	0	0	0	0	0	0	0	0	0	0	0	0	0	0	0	0	0	0	0	0	0	0	0	0	0	0	0	0	0	0	0	0	0	0	0	0	0	0	0	0	0	0	0	0	0	0	0	0	0	0	0	0	0	0	0	0	0	0	0	0	0	0	0	0	0	0	0	0	0	0	0	0	0	0	0	0	0	0	0	0	0	0	0	0	0	0	0	0	0	0	0	0	0	0	0	0	0	0	0	0	0	0	0	0	0	0	0	0	0	0	0	0	0	0	0	0	0	0	0	0	0	0	0	0	0	0	0	0	0	0	0	0	0	0	0	0	0	0	0	0	0	0	0	0	0	0	0	0	0	0	0	0	0	0	0	0	0	0	0	0	0	0	0	0	0	0	0	0	0	0	0	0	0	0	0	0	0	0	0	0	0	0	0	0	0	0	0	0	0	0	0	0	0	0	0	0	0	0	0	0	0	0	0	0	0	0	0	0	0	0	0	0	0	0.094429572	0	0	0	0	0	0	0	0	0	0	0	0	0	0	0	0.104700467	0	0	0	0	0	0	0	0	0	0	0	0	0	0	0	0	0	0	0	0	0	0	0	0	0	0	0	0	0	0	0	0	0	0	0	0	0	0	0	0	0	0	0	0	0	0	0	0	0.153913994	0	0	0	0	0	0	0	0	0	0	0	0	0	0	0	0	0	0	0	0	0	0	0	0	0	0	0	0	0	0.079819296	0	0	0	0	0	0	0	0	0	0	0	0	0
sig.12	0	0	0	0.081233481	0	0	0	0	0	0	0	0	0	0	0	0	0	0	0	0	0	0	0	0	0	0	0	0	0	0	0	0	0	0	0	0	0	0	0	0	0	0	0	0	0.080793477	0	0.088310036	0	0	0	0	0	0	0	0	0	0	0	0	0	0	0	0	0	0	0	0	0	0	0	0	0	0	0	0	0	0	0	0	0	0	0	0	0	0	0	0.087104487	0	0	0	0	0	0	0	0	0	0	0	0	0	0	0	0	0	0	0	0	0	0	0	0	0	0	0	0	0	0	0	0	0	0	0	0	0	0	0	0	0	0	0	0	0	0	0	0	0	0	0.108703743	0	0	0	0	0	0	0	0	0	0	0	0	0	0	0	0	0	0	0	0	0	0	0	0	0	0	0	0	0	0	0	0	0	0	0	0	0	0	0	0	0	0	0	0	0	0	0	0	0	0	0	0	0	0	0	0	0	0	0	0	0	0	0	0	0	0	0	0	0	0	0	0	0	0	0	0	0	0	0	0	0	0	0	0	0	0	0	0	0	0	0	0	0	0	0	0	0	0	0	0	0	0	0	0	0	0	0	0	0	0	0	0	0	0	0	0	0	0	0	0	0	0	0	0	0	0	0	0	0	0	0	0	0	0.328594091	0	0	0	0	0	0	0	0	0	0	0	0	0	0	0	0	0	0	0	0	0	0	0	0	0	0	0	0	0	0	0	0	0	0	0	0	0	0	0	0	0	0	0	0	0	0	0	0	0	0	0	0	0	0	0	0	0	0	0	0	0	0	0	0	0	0	0	0	0	0	0	0	0	0	0	0	0	0	0	0	0	0	0	0	0	0	0	0	0	0	0	0	0	0	0	0	0	0	0	0	0	0	0	0	0	0	0	0	0	0	0	0	0	0	0	0	0	0	0	0	0.086650589	0	0	0	0	0	0	0	0	0	0	0	0	0	0	0	0	0	0	0	0	0	0	0	0	0	0	0	0	0	0	0	0	0	0	0	0	0	0	0	0	0	0	0	0	0	0
sig.13	0.064437516	0	0	0	0	0	0.100993878	0	0	0	0	0	0	0	0	0	0	0	0.067726673	0	0	0	0	0.120031472	0	0	0	0	0	0	0	0	0	0	0	0	0	0	0	0	0.099535194	0	0	0	0	0	0	0	0	0	0	0	0	0	0	0	0	0.19372164	0	0	0	0	0.065833947	0	0	0	0.084624614	0	0	0	0	0	0	0	0	0	0	0	0.119811778	0.085290004	0	0	0	0	0	0	0	0	0	0	0	0	0	0	0	0	0	0	0	0	0	0	0	0	0	0	0	0	0	0	0	0	0	0	0	0	0	0.060581454	0	0	0.144048701	0	0	0	0	0	0	0	0	0	0	0	0	0	0	0	0	0	0	0	0	0	0	0	0	0	0	0	0	0	0	0	0.159994823	0	0	0	0.077375728	0	0	0	0	0	0	0	0	0	0	0	0	0	0	0	0	0	0.131500278	0.081775564	0	0	0	0	0.092395951	0	0	0	0.087326513	0	0.109768543	0	0	0	0	0	0	0	0	0.067861149	0	0	0.133705071	0	0	0	0	0	0	0	0	0	0	0	0	0	0	0	0	0.070427236	0	0	0	0.117274345	0	0	0	0	0	0	0.063531432	0	0	0	0.095349992	0	0.065652973	0	0	0	0	0	0	0	0	0	0	0	0	0	0	0	0	0	0.09318597	0	0	0	0	0.308141186	0	0	0	0.123439323	0	0	0	0	0	0	0	0	0	0	0	0	0	0	0	0	0	0	0.10208187	0	0	0	0	0	0	0	0.068746598	0	0	0	0	0	0	0	0	0	0	0	0	0	0	0	0	0	0	0	0	0	0	0	0	0	0	0	0	0	0	0	0	0	0	0	0	0	0	0	0	0	0.091000227	0	0	0	0	0	0	0	0	0	0	0	0.070834539	0	0	0	0	0.083593637	0.066429667	0	0	0	0	0	0	0	0	0	0	0	0	0.095764576	0	0.075646884	0	0	0	0	0	0	0	0.121693831	0	0	0	0	0	0	0	0	0	0	0	0	0	0	0	0	0.090734965	0	0	0	0.075911709	0	0	0	0	0	0	0	0	0	0	0	0	0	0	0	0	0.099107404	0	0	0	0	0	0	0	0	0	0	0	0	0	0	0	0	0	0	0.161743143	0	0	0	0	0	0	0	0	0	0	0.126596588	0
sig.14	0	0	0	0	0	0	0	0	0	0	0	0	0	0	0	0	0	0	0	0	0	0	0	0	0	0	0	0	0	0	0	0	0	0	0	0	0	0	0	0	0	0	0	0	0	0	0	0	0	0	0	0	0	0	0	0	0	0	0	0	0	0	0	0	0.0612378	0	0	0	0	0	0	0	0	0	0	0	0	0	0	0	0	0	0	0	0	0	0	0	0	0	0	0	0	0	0	0	0	0	0	0	0	0	0	0	0	0	0	0	0	0	0	0	0	0	0	0	0	0	0	0	0	0.329045167	0	0.124913535	0	0	0	0	0	0	0	0	0	0	0	0	0	0	0	0	0	0	0	0	0	0	0	0	0	0	0	0	0	0	0	0	0	0	0	0	0	0	0	0	0	0	0	0	0	0	0	0	0	0	0	0	0	0	0	0	0	0	0	0	0	0	0	0	0	0	0	0	0	0	0	0	0	0	0	0	0	0	0	0	0	0	0	0	0	0	0	0	0	0	0	0	0	0	0	0	0	0	0	0	0	0	0	0	0	0	0	0	0	0	0	0	0	0	0	0	0	0	0	0	0	0	0	0	0	0	0	0	0	0	0	0	0	0	0	0	0	0	0	0	0	0	0	0	0	0	0	0	0	0	0	0	0	0	0	0	0	0	0	0	0	0	0	0	0	0	0	0	0	0	0	0	0	0	0	0	0	0	0	0	0	0	0	0	0	0	0	0	0	0	0	0	0	0	0	0	0	0	0	0	0	0	0	0	0	0	0	0	0	0	0	0	0	0	0	0	0	0	0.133810113	0	0	0	0	0	0	0	0	0	0	0	0	0	0	0	0	0	0	0	0	0	0	0	0	0	0	0	0.091248739	0	0	0	0	0	0	0	0	0.080981752	0	0	0	0	0	0	0	0	0	0	0	0	0	0	0	0	0	0	0	0	0	0	0	0	0	0	0	0	0	0	0	0	0	0	0	0	0	0	0	0	0	0	0	0	0	0	0	0	0	0	0	0	0	0	0	0	0	0	0
sig.15	0	0	0	0	0	0	0	0	0	1	0.069445967	0	0	0	0	0	0	0	0	0	0.106641934	0	0.384981482	0	0	0	0	0	0	0.111589061	0	0	0.195075146	0	0.104407144	0.127635753	0	0	0	0	0.160327535	0	0.081421313	0	0	0	0.190336374	0	0.589077346	0	0.261370949	0	0	0	0	0	0	0	0	0	0	0	0	0	0	0	0.060337233	0	0	0.129857477	0	0.144610108	0	0	0	0.156452424	0	0	0.176685283	0	0	0.116725131	0	0	0	0	0	0.131710141	0	0	0	0	0	0	0	0.078435364	0	0	0.14000546	0	0	0.147250203	0	0	0	0	0	0	0	0	0	0.098854921	0.193909189	0	0	0	0	0.123633344	0	0	0	0	0	0	0	0	0.248926672	0	0	0.109000859	0	0	0	0	0.299321561	0.066081023	0	0	0.124661349	0.086811997	0.124239873	0	0.179413817	0.179198274	0	0.177479638	0	0	0.156454088	0	0.061959477	0	0	0	0	0	0	0	0.082200978	0	0	0.104822641	0	0	0.198868886	0	0	0.066853102	0	0.103159271	0.127018392	0	0	0	0	0	0	0	0	0	0	0.132980884	0	0	0	0	0.25475669	0	0	0	0.062061066	0	0.064143473	0	0	0	0	0	0	0.074721966	0	0	0	0	0.287227948	0	0	0.287734987	0	0	0.09191588	0	0	0.149691353	0	0	0	0.132038603	0	0	0.063016602	0	0	0.113333118	0	0.070084247	0	0	0	0	0	0	0	0	0	0	0	0	0	0.114296049	0	0	0	0	0	0	0	0	0	0.066040838	0.089301597	0	0	0	0	0	0	0	0.07939449	0	0	0	0	0	0.116926466	0	0	0	0	0	1	0.117201653	0.131092197	0	0	0.252445138	0	0	0	0	0.153061053	0	0.226927129	0	0	0	0	0	0.230368221	0	0	0	0.176672988	0.190445679	0	0	0	0	0	0.099382112	0	0.195427057	0	0	0	0.140282651	0	0	0.814666853	0	0	0	0	0	0	0	0	0	0	0.080014117	0	0	0	0	0	0	0	0	0	0	0	0.200778816	0.116312503	0.123011682	0.06314798	0.106420973	0	0	0	0	0	0.068802237	0.231102234	0.194715618	0	0.20369334	0	0	0.084043008	0	0.075612469	0	0	0	0	0	0	0	0.246527145	0.184156699	1	0	1	0.25858332	0	0	0	0	0	0.130660667	0.209481757	0	0	0	0	0	0	0	0.097037829	0	0	0.22620143	0	0	0	0.105757946	0	0	0	0.062799291	0.116473277	0.15523096	0	0.082226055	0	0	0.153546825	0	0.159141063	0	0	0.129781997	0.151645504	0	0	0.166031482	0	0	0.078166085	0	0	0.118695345	0	0	0.101748834	0	0	0	0	0	0	0	0	0	0.167346343	0	0.060162316	0	0.102968408	0	0.239520343	0.794438733	0.189586996	0	0.209480981	0.095182668	0.079151648	0	0.08184657
sig.16	0	0	0	0	0	0	0	0	0	0	0	0	0	0	0	0.144213149	0	0	0	0	0	0	0	0	0	0	0	0	0	0	0	0	0	0	0	0	0.130423378	0	0	0	0	0	0	0	0	0	0	0	0	0	0	0	0	0	0	0	0	0	0	0	0	0	0	0	0	0	0	0	0	0	0	0	0	0	0	0	0	0	0	0	0	0	0	0	0	0	0	0	0	0	0	0	0	0	0	0	0	0	0	0	0	0	0	0	0	0	0	0	0	0	0	0	0	0	0	0	0	0	0	0	0	0	0	0	0	0	0	0	0	0	0	0	0	0	0	0	0	0	0	0	0	0	0	0	0	0	0	0	0	0	0.197831897	0	0	0	0	0	0	0	0	0	0	0	0	0	0	0	0	0	0	0	0	0	0	0	0	0	0	0	0	0	0	0	0	0	0	0	0	0	0	0	0	0	0	0	0.096440412	0	0	0	0	0	0	0	0	0	0	0	0	0	0	0	0	0	0	0	0	0	0	0	0	0	0	0	0	0	0	0	0	0	0	0	0	0	0	0	0	0	0	0	0	0	0	0	0	0	0	0	0	0	0	0	0	0	0	0	0	0	0	0	0	0	0	0	0	0	0	0	0	0	0	0	0	0	0	0	0	0	0	0	0	0	0	0	0	0	0	0	0	0	0	0	0	0	0.19499701	0	0	0	0	0	0	0	0	0.11936084	0	0	0	0	0	0	0	0	0	0.232027069	0	0	0	0	0	0	0	0	0	0	0	0	0	0	0	0	0	0	0	0	0	0	0	0	0	0	0	0	0	0	0	0	0	0	0	0	0	0	0	0	0	0	0	0	0	0	0	0	0	0	0	0	0	0	0	0	0	0	0	0	0	0	0	0	0	0	0	0	0	0	0	0	0	0	0	0	0	0	0	0	0	0	0	0	0	0	0	0	0	0	0	0	0	0	0	0	0	0	0	0	0	0	0	0	0	0	0	0	0	0	0	0	0	0	0	0	0	0	0	0	0	0	0	0	0	0.15583021	0
sig.17	0	0	0	0.138621311	0	0.161327109	0	0.071461868	0	0	0	0	0	0	0.166557073	0	0	0	0.095442942	0	0.069509321	0	0	0.256892994	0	0	0	0.116545796	0	0.43163477	0	0	0	0.678078799	0.159586167	0	0	0.293334055	0.81993588	0.075009057	0	0	0	0.250556949	0.687765714	0	0.117697187	0	0	0	0	0	0.389451073	0	0.251943392	0	0.121257296	0.087321082	0.209331986	0	0.395145249	0	0.246073425	0	0.20843866	0.16557742	0.101418201	0.080412046	0.362977174	0	0	0.252562774	0	0	0.164562639	0.196727067	0.374577138	0.132454869	0.219948253	0	0.50239357	0	0	0	0	0	0.31505908	0.066045903	0	0.294140656	0	0.106248497	0	0.09862209	0	0	0	0.175044235	0.088291153	0.158223434	0.846370667	0	0	0.174804097	0.741399543	0.505613286	0	0	0.146466242	0	0	0.096834993	0	0	0	0	0.758342838	0.077121459	0	0.074089693	0.406400512	0	0.070459206	0	0	0	0.161986398	0	0	0	0	0	0.142129116	0	0	0.062808025	0.094400389	0.522958219	0.144043341	0	0.142090061	0	0.172693348	0.083435431	0	0	0.249016379	0	0	0	0	0.072325132	0.072215962	0	0.080955425	0	0	0.387950777	0	0	0	0	0.391919335	0	0	0.420798816	0.094183865	0.380738293	0.369385644	0	0	0	0	0.158163711	0	0	0	0	0.430853901	0	0	0.132826859	0.242775206	0	0	0.620733925	0.068381333	0	0	0.117398502	0	0.536722049	0.515662369	0	0	0	0	0	0	0	0	0	0	0	0	0.28047556	0	0	0	0	0	0.069199195	0	0.131172661	0.07888363	0.303494973	0.225408541	0.107156991	0	0.070476823	0	0.123179006	0	0.300602803	0.283675795	0.599322224	0.484126035	0	0.080867252	0.724724596	0	0.523525165	0	0	0.093621868	0	0	0	0	0.443751713	0	0.276085774	0	0	0.11610703	1	0	0.144509427	0.077429948	0	0.065101701	0.064456313	0	0.620711642	0.110050959	0	0	0.10263744	0.065908217	0	0	0	0.082467883	0	0.119152376	0	0.079589131	0	0	0	0	0	0	0	0	0	0.12315872	0	0.257798506	0	0	0.357060797	0	0	0	0.307819978	0	0	0.084605195	0	0	0.170678179	0	0.075126047	0	0.067655933	0	0	0	0.081026401	0	0.164697394	1	0	0	0	0	0	0	0	0	0	0.155025318	0	0.08688381	0	0	0	0.21457353	0.07244604	0	0.113863006	0.074298283	0.38563753	0.427100826	0.368077659	0	0.061825233	0.099295086	0	0.220608518	0	0.458735761	0.264706122	0.242503494	0	0.20110142	0	0	0	0	0.208373259	0	0	0	0	0.090260158	0.091506327	0.252058173	0	0	0	0.106181156	0.721462168	0	0.742124931	0	0.180308057	0.130978024	0.137485606	0	0	0	0	0.061404515	0	0.100657235	0	0	0	0.071391839	0.29786926	0.461633375	0.071569207	0.083967415	0.089597729	0.219502101	0	0	0	0.931100302	0.304399564	0	0	0.419361647	0	0.060857768	0.223070549	0	0.457099588	0.533081894	0.339419939	0	0	0	0	0	0	0	0.1682878	0	0	0	0	0	0.093871078	0	0.450496965	0	0.883656911	0.130887874	0.471824331	0	0.088271667	0.258965392	0	0	0.205536763	0.203298678	0	0	0	0.767737568	0.192757382	0	0.16592723	0.082270467	0.45907666	0	0.256036942	0	0	0	0.163208293	0.083381178	0.4401159	0	0	0.201234856
sig.18	0	0.105263395	0	0	0	0	0	0.175296239	0	0	0	0	0	0	0	0	0	0	0	0	0	0	0	0	0	0	0	0	0	0	0	0	0	0	0	0	0	0.107849081	0	0	0	0	0	0	0	0	0	0	0	0	0	0	0	0	0	0	0	0.10422175	0	0	0	0	0	0	0	0	0	0	0	0	0	0.099804199	0	0	0	0	0	0.151285506	0	0	0	0	0	0	0	0	0	0	0	0	0	0	0	0	0	0.060058348	0	0	0	0	0	0	0	0	0	0	0	0	0	0.07869177	0	0	0	0	0	0.224973218	0	0.123649621	0	0	0	0.064112058	0	0	0	0	0.203461963	0	0	0	0	0.116401453	0	0.119866738	0	0	0	0	0	0.129419004	0	0	0	0	0.088859735	0	0	0	0	0.061523945	0	0	0	0.108085134	0	0	0	0	0	0	0	0	0	0	0	0	0	0	0	0	0	0	0	0	0	0	0	0	0	0	0	0	0	0	0	0	0	0.085039124	0	0	0	0	0	0	0	0	0	0.060916287	0	0	0	0	0	0	0	0	0.094691422	0	0	0	0	0	0	0	0	0	0	0	0	0	0	0	0.085277707	0.123504413	0	0	0	0.068796967	0	0	0	0	0	0	0	0.093710946	0	0	0	0	0	0	0	0	0	0	0	0	0	0	0	0	0	0	0	0	0	0	0	0	0	0	0	0	0	0	0.229680702	0.1067811	0	0	0	0	0	0	0	0	0	0	0	0	0	0.097322172	0	0	0	0.078325	0	0	0	0	0	0.062336379	0	0	0	0	0	0	0	0	0	0	0	0.086133908	0	0.136967569	0	0	0	0	0	0	0	0	0	0	0	0	0	0	0	0	0	0	0	0	0.084720802	0	0	0	0	0	0	0	0	0	0	0	0	0	0.198800366	0	0	0	0	0	0	0.105629219	0	0	0	0.082983739	0.163263571	0	0	0	0	0	0	0.088379052	0	0	0	0	0	0	0.10015013	0	0	0.06151286	0	0.089974436	0	0	0	0.078030952	0	0	0	0	0	0	0	0	0	0	0	0	0	0	0	0	0	0	0	0	0	0.06842116	0	0	0	0	0	0	0	0	0.063171601	0	0	0	0.113729554	0	0	0	0	0	0	0	0	0.073818367	0	0	0	0	0.094443482	0	0	0	0	0	0	0	0.079484466	0.069880905	0.093672559	0	0	0	0
sig.19	0	0	0	0	0	0	0	0	0	0	0	0	0	0	0.205285134	0	0	0	0	0	0	0	0	0	0	0	0	0	0	0	0	0	0	0	0	0	0	0	0	0	0	0	0	0	0	0	0	0	0	0	0	0	0	0	0	0	0	0	0	0	0	0	0	0	0	0	0.103774135	0	0	0	0	0	0	0	0	0	0	0	0	0	0	0	0	0	0	0	0	0	0	0	0	0	0	0	0	0	0	0	0	0	0	0	0	0	0	0	0	0	0	0	0	0	0	0	0	0	0	0	0	0	0	0	0	0	0	0	0	0	0	0	0	0	0	0	0	0	0	0	0	0	0	0	0	0	0	0	0	0	0	0	0	0	0	0	0	0	0	0	0	0	0	0	0	0	0	0	0	0	0	0	0.087204361	0	0	0	0	0	0	0	0	0	0	0	0	0	0	0	0	0	0	0	0	0	0	0	0	0	0	0	0	0	0	0	0	0	0	0	0	0	0	0	0	0	0	0	0	0	0	0	0	0	0	0	0	0	0	0	0	0	0	0	0	0	0	0	0	0	0	0	0	0	0	0	0	0	0	0	0	0	0	0	0	0	0	0	0	0	0	0	0	0.084072694	0	0	0	0	0	0	0	0	0	0	0	0	0	0.197438036	0	0	0	0	0.068922921	0	0	0	0	0	0	0	0	0	0	0	0	0	0	0	0	0	0	0	0	0	0	0	0	0	0	0	0	0	0	0	0	0	0	0	0	0	0	0	0	0	0	0	0	0	0	0.113345409	0	0	0	0	0	0	0	0	0	0	0	0	0.271734622	0	0	0	0	0	0	0	0	0	0	0	0	0	0	0	0	0	0	0	0	0	0	0	0	0	0	0	0	0	0	0	0	0	0	0	0	0	0	0	0	0	0	0	0	0	0	0	0	0	0	0	0	0	0	0	0	0	0	0	0	0	0	0	0	0	0	0	0.062615437	0	0	0	0	0	0	0	0	0	0	0	0	0	0	0	0	0	0	0	0	0	0	0.069193324	0	0	0	0	0	0	0	0	0
sig.20	0	0	0	0	0	0	0	0	0	0	0	0	0	0	0	0	0	0	0	0	0	0	0	0.116664267	0	0	0	0	0	0	0	0	0	0	0	0	0.067365458	0	0	0	0	0	0	0	0	0	0	0	0	0	0	0	0	0	0	0	0	0	0	0	0.067253006	0	0	0	0	0	0	0	0	0	0	0	0	0	0	0	0	0	0	0	0	0	0	0	0.161622352	0	0	0	0	0	0	0	0	0	0	0	0	0	0	0	0	0	0	0	0	0	0	0	0	0	0	0	0	0	0	0	0	0	0	0	0	0	0	0	0	0	0	0	0	0	0	0	0	0	0	0	0	0	0	0	0	0	0	0	0	0	0.075828528	0	0	0	0	0	0	0	0	0	0	0	0	0	0	0	0	0	0	0	0	0	0	0	0	0	0	0	0	0	0	0	0	0	0	0	0	0	0	0	0	0	0	0	0	0	0	0	0	0	0	0	0	0	0	0	0	0	0	0	0	0	0	0	0	0	0	0	0	0	0	0	0	0	0	0	0	0	0	0	0	0	0	0	0	0	0	0	0	0	0	0	0	0	0	0	0	0	0	0	0	0	0	0	0	0	0	0	0	0	0.097913813	0	0	0	0	0	0.067472217	0	0	0	0	0	0	0	0	0.492024545	0	0	0	0	0	0	0	0	0	0	0	0	0	0	0	0	0	0	0	0	0	0	0	0	0	0	0	0	0	0	0	0	0	0	0	0	0	0	0	0	0	0	0	0	0	0	0	0	0	0	0	0	0	0	0	0	0	0	0	0	0	0	0	0	0.082373548	0	0	0	0	0	0	0	0	0	0	0	0	0	0	0	0	0	0	0	0	0	0	0	0	0.086318782	0	0	0	0	0	0	0	0	0	0	0	0	0	0	0	0	0	0	0	0	0	0	0	0	0	0	0	0	0	0	0.109409576	0	0.15603152	0	0	0	0	0	0	0	0	0	0	0	0	0	0	0	0	0	0	0	0	0	0.097789476	0	0	0	0	0	0	0	0	0	0	0	0	0	0	0	0	0	0	0	0	0	0
sig.21	0	0	0.116454259	0	0	0	0	0	0	0	0	0	0	0	0	0	0.074531625	0	0	0	0	0	0	0	0.367557992	0	0	0	0	0	0	0	0.211380786	0	0	0	0.09674863	0	0	0	0	0	0	0	0	0	0	0	0	0	0	0	0	0	0	0	0	0	0	0	0	0	0	0	0	0	0.161490568	0	0	0	0	0	0	0	0	0	0	0	0	0	0	0	0	0	0.062430555	0	0	0	0	0	0	0.151793422	0	0	0	0	0	0	0	0	0	0	0.100344253	0	0	0	0	0	0	0	0	0	0	0	0	0	0	0	0	0	0	0	0	0	0	0	0	0	0	0	0	0	0	0	0	0	0	0	0	0	0	0	0	0	0	0	0	0	0	0	0	0	0	0	0	0	0	0	0	0	0	0	0	0	0	0	0	0	0	0	0	0	0	0	0	0	0	0	0	0	0	0	0	0.180940885	0	0	0	0	0	0	0	0	0	0	0	0	0	0.093786025	0	0	0	0	0.64162767	0	0	0	0	0	0	0	0	0	0	0	0	0	0	0	0	0	0	0	0	0	0	0	0	0	0	0	0	0	0	0	0	0	0	0	0	0	0	0	0	0	0	0	0	0	0	0	0	0	0	0	0	0	0	0	0	0	0	0	0	0	0	0	0	0	0	0	0	0.062179711	0	0	0	0	0	0	0	0	0	0	0	0	0	0	0	0	0	0	0	0	0	0	0	0	0	0	0	0	0	0	0	0	0	0	0	0	0	0	0	0	0	0	0.069766113	0	0	0	0	0	0	0	0	0	0	0	0	0	0	0	0	0	0	0	0	0	0	0	0	0	0	0	0	0	0	0	0	0	0	0	0	0	0	0	0	0	0.06192701	0	0	0	0	0.098693469	0	0	0	0	0	0	0	0	0	0	0	0	0	0	0	0	0	0	0	0	0	0	0	0	0	0	0	0	0	0	0	0.089250678	0	0	0	0	0	0	0	0	0	0	0	0	0	0	0	0	0	0	0	0	0	0	0	0	0	0	0	0.062010803	0	0	0	0	0	0	0	0	0	0	0	0	0	0	0	0	0
sig.22	0	0	0	0	0	0	0	0	0	0	0	0	0	0	0	0	0	0	0.060875894	0	0	0	0	0	0	0	0	0	0	0	0	0	0	0	0	0	0	0	0	0	0	0	0	0	0	0	0	0	0	0	0	0	0	0	0	0	0	0	0	0	0.064920493	0	0	0	0	0	0	0	0	0	0	0	0	0	0	0	0	0	0	0	0	0	0	0	0	0	0	0	0	0	0	0	0	0	0	0	0	0	0.1158885	0	0	0	0	0	0	0	0	0	0	0	0	0	0	0	0	0	0	0	0	0	0	0	0	0	0	0	0	0	0	0	0	0	0	0	0	0	0	0	0	0	0	0	0	0.085667063	0.062312938	0	0	0	0	0	0	0	0	0	0	0	0	0	0	0	0	0	0	0	0	0	0	0	0	0	0	0	0	0	0	0	0	0	0	0	0	0	0	0	0	0	0	0	0	0	0	0	0	0	0	0	0	0	0	0	0	0	0	0	0	0	0	0	0	0	0	0	0	0	0	0	0	0	0	0	0	0	0	0	0	0	0	0	0	0	0	0	0	0	0	0	0	0	0	0	0	0	0	0	0	0	0.078478211	0	0	0	0	0	0	0	0	0	0	0	0	0	0	0	0	0	0	0	0	0	0	0	0	0	0	0	0	0	0	0	0	0	0	0	0	0	0	0	0	0	0	0	0	0	0	0	0	0	0	0	0	0	0	0	0	0	0	0	0	0	0	0	0	0	0	0	0	0	0	0	0	0	0	0	0	0	0	0	0	0	0	0	0	0	0	0	0	0	0	0	0	0	0	0	0	0	0	0	0	0	0	0	0	0	0	0	0	0	0	0	0	0	0	0	0	0	0	0	0	0	0	0	0	0	0	0	0	0	0	0	0	0	0	0	0	0	0	0	0	0	0.344086671	0	0	0	0	0	0	0	0	0	0	0	0	0	0	0	0	0	0.076355951	0	0	0	0	0	0	0	0	0	0	0	0	0	0	0	0	0	0	0	0	0	0	0	0	0	0	0	0	0	0	0	0
sig.23	0	0	0	0	0	0	0	0	0	0	0	0	0	0	0	0	0	0	0	0	0	0	0	0	0	0	0	0	0	0	0	0	0	0	0	0	0	0	0	0	0	0	0	0	0	0	0	0	0	0	0	0	0	0	0	0	0	0	0	0	0	0	0	0	0	0	0	0	0	0	0	0	0	0	0	0	0	0	0	0	0	0	0	0	0	0	0	0	0	0	0	0	0	0	0	0	0	0	0	0	0	0	0	0	0	0	0	0	0	0	0	0	0	0	0	0	0	0	0	0	0	0	0	0	0	0	0.108230642	0	0	0	0	0	0	0	0	0	0	0	0	0	0	0	0	0	0	0	0	0.070778159	0	0	0	0	0	0	0	0	0	0	0	0	0	0	0	0	0	0	0	0	0	0	0	0	0	0	0	0	0	0	0	0	0	0	0	0	0	0	0	0	0	0	0	0	0	0	0	0	0	0	0	0	0	0	0	0	0	0	0	0	0	0	0	0	0	0	0	0	0	0	0	0	0	0	0	0	0	0	0	0	0	0	0	0	0	0	0	0	0.093492878	0	0	0	0	0	0	0	0	0	0	0	0	0	0	0	0	0.060393619	0	0	0	0	0	0	0	0	0	0	0	0	0	0	0	0	0	0	0	0	0	0	0	0	0	0	0	0	0	0	0	0	0	0	0	0	0	0	0	0	0	0	0	0	0	0	0	0	0	0	0	0	0	0	0	0	0	0	0	0	0	0	0	0	0	0	0	0	0	0	0	0	0	0	0	0	0	0	0	0	0	0	0	0	0	0	0	0	0	0	0	0	0	0	0	0	0	0	0	0	0	0	0	0	0	0	0	0	0	0	0	0	0	0	0	0	0	0	0	0	0	0	0	0	0	0	0	0	0	0	0	0	0	0	0	0	0	0	0	0	0	0	0	0	0	0	0	0	0	0	0	0	0	0	0	0	0	0	0	0	0	0	0	0	0	0	0	0	0	0	0	0	0	0	0	0	0	0	0	0	0	0	0	0	0
sig.24	0	0	0	0	0	0	0	0	0	0	0	0	0.078325016	0	0	0	0	0	0	0	0	0	0	0.065064619	0	0	0	0.068830813	0	0	0	0	0	0	0	0	0.297360329	0	0	0	0	0	0	0	0	0	0	0	0	0.19901533	0	0	0	0	0.093899341	0	0	0	0	0	0	0	0	0.159344495	0	0	0.100580361	0	0	0	0	0	0	0	0	0	0.097641872	0	0	0	0	0	0	0	0	0	0	0	0	0	0	0	0	0	0	0	0	0	0	0	0	0	0	0	0	0	0	0	0.087027672	0	0	0	0	0	0	0	0	0	0	0	0	0	0	0	0	0	0	0.079860114	0	0	0	0	0	0.165487357	0	0	0	0.104606108	0.067965782	0	0	0	0	0	0	0	0	0	0	0	0	0	0	0	0	0	0	0	0	0	0	0	0	0	0	0	0	0	0	0	0	0	0	0	0	0	0	0	0	0	0	0	0	0	0	0	0	0	0	0	0	0	0	0	0	0	0	0	0	0	0	0	0	0	0	0	0	0	0	0	0	0.089674731	0	0	0	0	0	0	0	0	0	0	0	0	0.119421237	0	0	0	0	0	0	0	0	0	0	0	0	0	0	0	0	0	0	0	0	0	0	0	0.13664332	0	0.061555376	0	0	0	0	0	0	0	0	0	0	0	0	0	0	0	0	0	0.084435466	0	0	0	0	0	0	0	0	0	0.140526628	0	0	0	0	0	0	0	0	0	0	0	0	0	0	0	0	0	0.06700512	0	0	0	0	0	0	0	0	0	0	0	0	0	0	0	0	0	0	0.106195893	0	0	0.157069045	0.08607263	0	0	0	0	0	0	0	0	0	0	0	0	0	0	0	0	0.101852282	0	0	0	0	0	0	0	0	0.145182795	0	0	0	0	0	0	0	0	0	0	0	0	0	0	0	0.074473826	0	0	0	0	0	0	0	0	0.090141839	0	0	0	0.132244668	0.071889695	0	0	0	0	0	0	0	0	0	0	0	0	0	0	0	0	0	0	0	0	0	0	0	0	0	0	0	0	0	0	0	0	0	0	0	0	0	0	0	0	0	0.124124951	0.095382816	0	0	0	0	0	0	0	0	0	0	0	0	0	0	0	0	0	0	0	0
sig.25	0	0	0	0	0	0	0	0	0	0	0	0	0	0	0	0	0	0	0	0	0	0	0	0	0	0	0	0	0	0	0	0	0	0	0	0	0	0	0	0	0	0	0	0	0	0	0	0	0	0	0	0	0	0	0	0	0	0	0	0	0	0	0	0	0	0	0	0	0	0	0	0	0	0	0	0	0	0	0.139322286	0	0	0	0	0	0	0	0	0	0	0	0	0	0	0	0	0	0	0	0	0	0	0.131810384	0	0	0	0	0	0	0	0	0	0	0	0	0	0	0	0	0	0	0	0	0	0	0	0	0	0	0	0	0	0	0	0	0	0	0	0	0	0	0	0	0	0	0	0	0	0	0	0	0	0	0	0	0	0	0	0	0.102932312	0	0	0	0	0	0	0	0	0	0	0	0	0	0	0	0	0.103956524	0	0	0	0	0	0	0	0	0	0	0	0	0	0	0	0	0	0	0	0	0	0	0	0	0	0	0	0	0	0	0	0	0	0	0	0	0	0	0	0	0	0	0	0	0	0	0	0	0	0	0	0	0	0	0	0	0	0	0	0	0	0	0	0	0	0	0	0	0	0	0	0	0	0	0	0	0	0	0	0	0	0	0	0	0	0	0	0	0	0	0	0	0	0	0	0	0	0	0	0	0	0	0	0	0	0	0	0	0	0	0	0	0	0	0	0	0	0	0	0	0	0	0	0	0	0	0	0	0	0	0	0	0	0	0	0	0	0	0	0	0	0	0	0	0	0	0	0	0	0	0	0	0	0	0	0	0	0	0.079315819	0	0	0	0	0	0	0	0	0	0	0	0	0	0	0	0	0	0	0	0	0	0	0	0	0	0	0	0	0	0	0	0	0	0	0	0	0	0	0	0	0	0	0	0	0	0	0	0	0	0	0	0	0	0	0	0	0	0	0	0	0	0	0	0	0	0	0	0	0	0	0	0	0	0	0	0	0	0	0	0	0	0	0	0	0	0	0	0	0	0	0	0	0	0	0	0	0	0	0	0	0	0	0	0
sig.26	0	0	0	0	0	0	0	0	0	0	0	0	0	0	0	0	0	0.127543829	0	0	0.138745138	0	0	0	0.06405524	0	0	0	0	0	0	0	0.064668046	0	0	0	0	0	0	0	0	0	0	0	0	0	0	0	0	0	0	0	0	0	0	0	0	0	0	0	0	0	0	0	0	0	0	0	0	0	0	0	0	0	0	0	0	0	0	0	0	0	0	0.094992414	0	0	0	0	0	0	0	0	0.341547854	0	0	0	0	0	0	0	0	0	0	0	0	0	0.08358767	0	0	0	0	0	0	0	0	0	0	0	0	0	0	0	0	0	0	0	0	0	0	0	0	0	0	0	0	0	0	0	0	0	0	0	0	0	0	0	0	0	0	0	0	0	0	0	0	0	0	0	0	0.152188087	0	0	0	0	0	0	0	0	0	0	0	0	0	0	0	0	0	0	0	0	0	0	0	0	0	0	0	0	0	0	0.060914884	0	0	0	0	0	0	0	0	0	0	0	0	0	0	0	0	0	0	0	0	0	0	0	0	0	0	0	0	0	0	0	0	0	0	0	0	0	0	0	0	0	0	0	0	0	0	0	0	0	0	0	0	0	0	0	0	0	0	0.11707837	0	0	0	0	0	0	0	0	0	0	0	0	0	0	0	0	0	0	0	0	0	0	0	0	0	0	0	0	0	0	0	0	0	0	0	0	0	0	0	0	0	0	0	0	0	0	0	0	0	0	0	0	0	0	0	0	0	0.079023196	0	0	0	0	0	0	0.273976156	0	0	0	0	0	0	0	0	0	0	0	0	0	0	0	0	0	0	0	0	0	0	0	0	0	0	0	0	0	0	0	0	0	0	0	0	0	0	0	0	0	0	0	0	0	0	0	0	0	0	0	0	0	0	0	0	0	0	0	0	0	0	0.094751035	0	0	0	0	0	0	0	0	0	0	0	0	0	0	0.0699131	0	0	0	0	0	0.307312562	0	0	0	0	0.222562734	0	0	0	0	0	0	0	0	0	0	0	0	0	0	0	0	0	0	0	0	0	0	0	0	0	0	0	0	0	0	0	0	0	0	0
sig.27	0	0	0	0	0	0	0	0	0	0	0	0	0	0	0	0	0	0	0	0	0	0	0	0	0	0	0	0	0	0	0	0	0	0	0	0	0	0	0	0	0	0	0	0	0	0	0	0	0	0	0	0	0	0	0	0	0	0	0	0	0	0	0	0	0	0	0	0	0	0	0	0	0	0	0	0	0	0	0	0	0	0	0	0	0	0	0	0	0	0	0	0	0	0	0	0	0	0	0	0	0	0	0	0	0	0	0	0	0	0	0	0	0	0	0	0	0	0	0	0	0	0	0	0	0	0	0	0	0	0	0	0	0	0	0	0	0	0	0	0	0	0	0	0	0	0	0	0	0	0	0	0	0	0	0	0	0	0	0	0	0	0	0	0	0	0	0	0	0	0	0	0	0	0	0	0	0	0	0	0	0	0	0	0	0	0	0	0	0	0	0	0	0	0	0	0	0	0	0	0	0	0	0	0	0	0	0	0	0	0	0	0	0	0	0	0	0	0	0	0	0	0	0	0	0	0	0	0	0	0	0	0	0	0	0	0	0	0	0	0	0	0	0	0	0	0	0	0	0	0	0	0	0	0	0	0	0	0	0	0	0	0	0	0	0	0	0	0	0	0	0	0	0	0	0	0	0	0	0	0	0	0	0	0	0	0	0	0	0	0	0	0	0	0	0	0	0	0	0	0	0	0	0	0	0	0	0	0	0	0	0	0	0	0	0	0	0	0	0	0	0	0	0	0	0	0	0	0	0	0	0	0	0	0	0	0	0	0	0	0	0	0	0	0	0	0	0	0	0	0	0	0	0	0	0	0	0	0	0	0	0	0	0	0	0	0	0	0	0	0	0	0	0	0	0	0	0	0	0	0	0	0	0	0	0	0	0	0	0	0	0	0	0	0	0	0	0	0	0	0	0	0	0	0	0	0	0	0	0	0	0	0	0	0	0	0	0	0	0	0	0	0	0	0	0	0	0	0	0	0	0	0	0	0	0	0	0	0	0
sig.28	0	0	0	0.152932737	0	0	0	0	0.067328075	0	0	0	0	0	0	0	0	0	0	0	0	0	0	0	0	0	0	0	0	0	0	0	0	0	0	0	0	0	0	0	0	0	0	0	0	0	0	0	0	0.096902344	0	0	0	0	0	0	0	0	0	0.065420602	0	0	0	0	0	0	0	0	0	0	0	0	0	0	0	0	0	0	0	0	0	0	0	0	0	0	0.14629427	0	0	0	0	0	0	0	0	0	0	0	0	0	0	0	0	0	0.220105673	0	0	0	0	0	0	0	0.092659766	0	0	0	0	0	0	0	0	0	0	0	0	0	0	0	0	0	0	0	0	0	0	0	0	0	0	0	0	0	0	0	0	0	0.319155261	0	0	0	0	0	0	0	0	0	0	0	0	0	0	0	0	0	0	0	0	0	0	0	0	0	0	0	0	0	0	0	0	0	0	0	0	0	0	0	0	0	0	0	0	0	0	0	0	0	0	0	0	0	0	0	0	0	0	0	0	0	0	0	0	0	0	0	0	0	0	0	0	0	0	0	0	0	0	0	0	0	0	0	0	0	0	0	0	0	0	0	0	0	0	0	0	0	0	0	0	0	0	0	0	0	0	0	0	0	0	0	0	0	0	0	0	0	0	0	0	0	0	0	0	0	0	0	0	0	0	0	0	0	0	0	0	0	0	0	0	0	0	0	0	0	0	0	0	0	0	0	0	0	0	0	0	0	0	0	0	0	0	0	0	0	0	0	0	0	0	0	0.066664663	0	0	0	0	0	0	0	0	0	0	0	0	0	0	0	0	0	0	0	0	0	0	0	0	0	0	0	0	0	0	0	0	0	0	0	0	0	0	0	0	0	0	0	0	0	0	0	0	0	0	0	0	0	0	0	0	0	0	0	0	0	0	0	0	0	0	0	0	0	0	0	0	0	0	0	0	0	0	0	0	0	0	0	0	0	0	0	0	0	0	0	0	0	0	0	0	0	0	0	0.070036513	0	0	0	0	0	0	0	0	0	0	0	0.069955617	0	0	0	0	0	0	0	0
sig.29	0	0	0	0	0	0	0	0	0	0	0	0	0	0	0	0	0	0	0	0	0	0	0.124347298	0	0	0	0	0	0	0	0	0	0	0	0	0	0	0	0	0	0.091123207	0	0	0	0	0	0	0	0	0	0	0	0	0	0	0	0	0	0	0	0	0	0	0	0	0	0	0	0	0	0	0	0	0	0	0	0	0	0	0	0	0	0	0	0	0	0	0	0	0	0.2117743	0	0	0	0	0	0	0	0	0	0	0	0	0	0	0	0	0	0	0	0	0	0	0	0	0	0	0	0	0	0	0	0	0	0	0	0	0	0	0.088111654	0	0	0	0	0	0	0	0	0	0	0	0	0	0	0	0	0	0	0.096221472	0	0	0.071007057	0	0	0	0	0	0	0	0	0	0	0	0	0	0	0	0	0	0	0	0	0	0	0	0	0	0	0	0	0	0	0	0	0	0	0	0	0	0	0	0	0	0	0	0.140486896	0	0	0	0	0	0	0	0.114837502	0	0	0.18902619	0	0	0	0	0	0	0	0.111602872	0	0.106924675	0	0	0	0	0	0	0	0	0	0	0	0	0	0	0	0	0	0	0	0	0	0	0	0	0	0	0	0	0	0	0	0	0	0	0	0	0	0	0	0	0.19829002	0	0	0	0	0	0	0	0.07394344	0	0	0	0	0	0	0	0	0	0	0.075562228	0.183892845	0	0	0	0	0.103671735	0	0	0	0	0	0	0	0	0	0	0	0	0	0	0	0	0	0	0	0	0	0	0	0	0	0	0	0	0	0	0	0	0	0	0	0	0	0.109287678	0	0.1248632	0	0	0	0	0	0.115077454	0	0.098048533	0	0	0	0	0	0	0	0	0.159147175	0	0	0	0	0	0	0.157774137	0	0	0	0	0	0	0	0	0	0	0	0	0	0	0	0	0	0	0	0	0	0	0	0	0	0	0	0	0	0	0	0	0	0	0	0	0	0	0	0	0	0	0	0	0	0	0	0	0	0	0	0	0	0	0.116343404	0	0	0	0	0	0	0	0	0	0	0	0	0	0	0	0	0	0	0	0	0	0	0	0	0.061387909	0	0	0	0	0	0	0	0	0	0	0	0.110342131
sig.30	0	0	0	0.287420488	0	0	0	0	0	0	0	0	0	0	0	0	0	0	0	0	0	0	0	0	0	0	0	0	0	0	0	0	0	0	0	0	0	0	0	0	0	0	0	0	0	0	0.164395918	0	0	0	0	0	0	0	0	0	0	0	0	0	0	0	0	0	0	0	0	0	0	0	0	0	0	0	0	0	0	0	0	0	0	0	0	0	0	0	0	0	0	0	0	0	0	0	0	0	0	0	0	0	0	0.14615598	0	0	0	0	0	0	0	0	0	0	0	0	0	0	0	0	0	0	0	0	0	0	0	0	0	0	0	0	0	0	0	0.193214988	0	0	0	0	0	0	0	0	0	0	0	0	0	0	0	0	0	0	0	0	0	0	0	0	0.075107587	0	0	0	0	0	0	0	0	0	0	0	0	0	0	0	0.090790805	0	0	0	0	0	0	0	0	0	0.080191491	0	0	0.399469488	0	0	0	0	0	0	0	0	0	0	0	0	0	0	0	0	0	0	0	0	0	0	0	0	0	0	0	0	0	0	0	0	0	0	0	0	0	0	0	0	0	0	0.130103587	0	0	0	0	0	0	0	0	0	0	0	0	0	0	0	0.193977501	0	0	0	0	0	0	0	0	0	0	0	0	0	0	0	0	0	0	0	0	0	0	0	0	0	0	0	0	0	0	0	0	0	0	0	0	0	0	0	0	0	0	0	0	0	0	0	0	0	0	0	0	0	0	0	0	0	0	0	0	0	0	0	0	0	0	0	0	0	0	0	0	0	0	0	0	0	0	0	0	0	0	0	0	0	0	0	0	0	0	0	0	0	0.126998194	0	0	0	0	0	0	0	0	0	0	0	0	0	0	0	0	0	0	0	0	0	0	0.256874191	0	0	0	0	0	0	0	0	0	0	0	0	0	0	0	0	0	0	0	0	0	0	0	0	0	0	0	0	0	0	0	0	0	0	0	0	0	0	0	0	0	0	0	0	0	0	0	0	0	0	0	0	0	0	0	0	0.079023976	0	0	0	0	0	0	0	0	0	0	0	0	0	0	0	0	0	0
